jenjang,tahun_lulus,nama_peserta,tempat_lahir,tanggal_lahir,orangtua,nopes_un,no_ijazah,npsn,asal_sekolah
PAKETB,2015,Lilith,Innsbruck,2010-01-30,Teriann,331,641,838,SMA NEGERI 2 SENTANI
PAKETB,2019,Ronna,Ludhiana,2006-08-27,Lesly,223,950,489,PAKETC
PAKETC,2015,Florie,London,2009-10-08,Melisent,728,297,683,SD NEGERI 1 SENTANI
SMA,2016,Kenna,Punta Arenas,2002-01-28,Marnia,196,965,153,SMK NEGERI 1 SENTANI
SMK,2022,Brietta,Rawalpindi,1998-05-17,Elyssa,895,466,210,SMK NEGERI 1 SENTANI
SD,2023,Ivett,Asmara,2012-11-28,Christian,435,965,742,SMA NEGERI 3 SENTANI
PAKETB,2021,Lindie,Guatemala City,2018-09-17,Marinna,772,924,214,SMP NEGERI 2 SENTANI
PAKETA,2006,Julieta,Invercargill,2017-10-21,Eve,143,470,81,SD NEGERI 1 SENTANI
SMK,2020,Catharine,Buenos Aires,2008-12-24,Imojean,585,671,662,PAKETC
SMK,2012,Justinn,Dili,2002-03-11,Karina,799,151,800,SD NEGERI 1 SENTANI
PAKETA,2012,Hyacinthe,Da Nang,2016-06-04,Sabina,18,324,444,PAKETA
SMK,2007,Anallese,Shijiazhuang,2002-05-28,Lindie,42,628,665,SMK NEGERI 1 SENTANI
PAKETB,2019,Annora,El Paso,1998-12-20,Joeann,219,809,495,SMP NEGERI 2 SENTANI
PAKETA,2002,Sonni,Aarhus,2000-11-10,Eve,578,932,588,PAKETC
SMA,2012,Flo,Cairns,2000-02-18,Lilith,207,498,756,SMA NEGERI 3 SENTANI
PAKETA,2005,Betta,Xining,2013-11-03,Zsa Zsa,401,817,787,PAKETA
PAKETC,2020,Maurene,Moscow,2000-10-16,Chandra,223,896,158,SMP NEGERI 2 SENTANI
SMK,2004,Ashlee,Mexicali,2019-02-08,Emilia,559,310,205,SMA NEGERI 3 SENTANI
SD,2013,Aubrie,Douala,2001-04-04,Jacenta,574,690,258,SMP NEGERI 2 SENTANI
SMK,2015,Hallie,Quito,2014-04-01,Tressa,877,5,93,SMP NEGERI 2 SENTANI
PAKETC,2009,Kamilah,Honolulu,2004-09-12,Karlee,470,257,13,SD NEGERI 1 SENTANI
SMK,2000,Lory,Porto,2009-01-12,Mallory,51,687,611,PAKETB
SD,2015,Sheree,Málaga,2019-12-19,Ida,429,196,987,SD NEGERI 1 SENTANI
PAKETA,2011,Elvira,Honiara,2012-04-04,Inga,3,497,668,SMP NEGERI 1 SENTANI
PAKETC,2022,Brianna,Montreal,2002-07-13,Lizzie,522,701,860,SD NEGERI 1 SENTANI
SD,2012,Tiffie,Sofia,2005-08-27,Daryl,549,866,394,PAKETB
PAKETA,2013,Allyce,Tunis,2016-06-20,Silvana,475,494,756,PAKETC
SMP,2022,Henriette,Nassau,2000-03-21,Chere,802,232,963,SMA NEGERI 2 SENTANI
SMA,2018,Florencia,Bandung,1998-06-17,Ana,896,188,840,SMP NEGERI 1 SENTANI
PAKETB,2016,Marcy,St. Louis,2015-08-24,Robinia,702,199,52,SMK NEGERI 1 SENTANI
SD,2023,Sherrie,Da Nang,2008-09-25,Lindie,126,29,318,SD NEGERI 1 SENTANI
SD,2014,Tracey,Copenhagen,2005-08-26,Dania,578,482,317,PAKETA
SD,2005,Shell,Campinas,2003-07-17,Florencia,472,11,88,PAKETB
SMP,2018,Neila,Santa Cruz de la Sierra,2011-05-06,Lindie,142,304,300,PAKETA
SMP,2010,Riannon,Ludhiana,1999-08-07,Keelia,360,737,427,SMP NEGERI 1 SENTANI
PAKETA,2010,Kimmy,Port Louis,2014-09-12,Bee,517,178,64,SMA NEGERI 2 SENTANI
PAKETC,2017,Lynnea,Maseru,2001-01-19,Kaia,855,136,423,SMP NEGERI 1 SENTANI
SMP,2013,Mady,Providence,2010-02-20,Corina,364,790,568,SMK NEGERI 1 SENTANI
SMA,2023,Valli,Zanzibar City,1999-02-13,Ernesta,661,708,86,PAKETC
PAKETA,2022,Tybie,Monrovia,2008-05-06,Ariela,555,592,3,SMK NEGERI 1 SENTANI
PAKETA,2012,Chastity,San Fernando,2008-11-28,Myrtice,947,74,232,PAKETC
PAKETC,2018,Daryl,Tampere,1999-08-25,Amalie,977,982,551,PAKETC
PAKETC,2004,Lory,Detroit,2007-10-18,Ekaterina,732,460,260,SMA NEGERI 2 SENTANI
SMK,2009,Jessamyn,Tskhinvali,1998-11-17,Mireielle,742,1000,157,PAKETA
SMP,2001,Winifred,Los Angeles,2002-04-08,Leia,236,302,294,SD NEGERI 1 SENTANI
PAKETB,2015,Stacey,Enugu,2013-07-25,Gratia,494,304,988,PAKETA
PAKETC,2022,Lisette,Linz,2014-06-18,Ira,359,63,771,SMK NEGERI 1 SENTANI
PAKETA,2014,Barbi,Vaduz,2001-12-19,Teddie,414,973,717,SMP NEGERI 1 SENTANI
SMA,2015,Tersina,Invercargill,2005-06-27,Corly,820,654,212,PAKETB
SMP,2008,Linet,Johor Bahru,2017-09-16,Ileana,494,904,541,SMP NEGERI 2 SENTANI
PAKETC,2022,Kaja,Nukuʻalofa,2000-03-02,Cherrita,744,623,644,SMA NEGERI 3 SENTANI
SMK,2004,Barbi,Moroni,2015-07-30,Almeta,950,134,388,SMA NEGERI 3 SENTANI
PAKETA,2014,Roseline,Suva,1999-10-27,Modestia,763,107,211,PAKETC
SMK,2021,Barbara,Taipei,2014-03-22,Merci,67,282,582,SMA NEGERI 3 SENTANI
SMK,2019,Kristan,Rochester,2007-10-04,Micheline,255,4,397,SMP NEGERI 3 SENTANI
SMP,2005,Hayley,Ottawa,2008-12-12,Averyl,773,482,639,PAKETB
SD,2011,Joleen,Bangkok,2008-03-28,Amalie,875,324,92,SMA NEGERI 2 SENTANI
PAKETB,2017,Gwenneth,Strasbourg,2019-01-25,Orelia,453,109,183,PAKETB
PAKETC,2018,Jenilee,Seattle,2005-10-08,Rayna,123,659,494,SMK NEGERI 1 SENTANI
PAKETC,2004,Bettine,Havana,2018-12-16,Starla,560,354,651,PAKETA
SMP,2013,Queenie,Sukhumi,2018-05-14,Steffane,73,583,79,SMP NEGERI 2 SENTANI
PAKETB,2008,Donetta,Karachi,2007-01-03,Rozele,622,520,334,PAKETA
PAKETB,2022,Katuscha,Kingstown,2010-01-06,Phedra,274,299,923,SMK NEGERI 1 SENTANI
SMP,2015,Devina,Omsk,2015-08-03,Cristabel,229,476,636,SMP NEGERI 1 SENTANI
SMA,2023,Bibby,Rotterdam,2016-04-05,Lulita,976,715,486,PAKETC
PAKETB,2009,Vere,Las Vegas,2014-02-13,Babita,849,510,896,SMA NEGERI 2 SENTANI
SMK,2009,Cherrita,Nairobi,1999-07-07,Netty,88,632,410,SMP NEGERI 3 SENTANI
SMA,2011,Vinita,Melbourne,2006-10-27,Carly,777,87,810,SMA NEGERI 3 SENTANI
PAKETA,2006,Emma,Port-au-Prince,2010-07-24,Raquela,448,533,789,SMP NEGERI 1 SENTANI
SMP,2011,Ginnie,Port Louis,2003-01-09,Tamqrah,347,713,973,PAKETC
PAKETA,2004,Tilly,Tallinn,2008-04-14,Edee,28,950,802,SD NEGERI 1 SENTANI
SMA,2007,Aurore,Leeds,2001-06-03,Albertina,202,631,54,SMP NEGERI 2 SENTANI
SMP,2014,Nannie,Yaoundé,2008-03-28,Louella,600,748,766,PAKETB
PAKETC,2020,Fanchon,San Carlos de Bariloche,1998-10-08,Leeanne,436,900,487,SMA NEGERI 3 SENTANI
SMP,2008,Lucille,Changchun,2017-11-30,Alyssa,284,764,859,SMA NEGERI 3 SENTANI
SD,2022,Aigneis,Malacca Town,2019-09-14,Brena,828,99,455,SMP NEGERI 3 SENTANI
SMP,2021,Ricky,Norilsk,2002-05-29,Perry,911,408,661,PAKETC
PAKETB,2005,Pierette,Buffalo,2001-02-14,Kristan,156,47,846,PAKETA
SD,2016,Darci,Bilbao,2003-07-29,Nadine,50,775,284,SMP NEGERI 3 SENTANI
SMK,2013,Abbie,Petropavlovsk-Kamchatsky,2000-09-09,Charissa,993,577,265,SMP NEGERI 1 SENTANI
PAKETA,2013,Selma,Antofagasta,2009-03-05,Elora,44,440,961,SMP NEGERI 3 SENTANI
SMK,2001,Aimil,Hangzhou,1999-09-15,Ottilie,385,754,402,SD NEGERI 1 SENTANI
PAKETC,2011,Vere,Amsterdam,2018-01-22,Elyssa,816,830,754,SD NEGERI 1 SENTANI
PAKETC,2001,Viki,Batticaloa,2012-06-23,Cassandra,31,950,228,PAKETC
PAKETB,2011,Barbara,Yekaterinburg,2006-01-12,June,538,59,735,SMP NEGERI 2 SENTANI
SMP,2013,Gianina,Caracas,2018-05-07,Vivia,228,400,579,SMK NEGERI 1 SENTANI
SMP,2021,Lynde,Port Louis,2006-05-25,Elora,708,684,319,PAKETC
PAKETA,2021,Deane,Kraków,2011-05-07,Aubrie,87,19,748,PAKETC
SMP,2008,Elyssa,Kathmandu,2011-11-04,Kial,216,438,193,SMP NEGERI 2 SENTANI
PAKETA,2002,Emilia,Lomé,2010-04-09,Georgina,813,856,178,SD NEGERI 1 SENTANI
PAKETC,2023,Hyacinthe,Campo Grande,2003-02-19,Esmeralda,888,176,75,SMA NEGERI 3 SENTANI
PAKETB,2022,Fanny,Horta (Azores),2002-07-24,Alia,192,70,831,SMP NEGERI 2 SENTANI
SMP,2016,Chloris,Lomé,1999-07-12,Audrie,598,998,953,SMA NEGERI 3 SENTANI
PAKETA,2021,Fina,Cuiabá,2002-08-17,Allyce,171,424,347,SMK NEGERI 1 SENTANI
SMP,2004,Kristina,Moroni,2011-07-31,Sharlene,365,684,174,SD NEGERI 1 SENTANI
SMP,2013,Dyann,Veracruz,2008-01-22,Meriel,359,457,649,PAKETA
PAKETA,2019,Alia,Blantyre,1999-11-23,Tonia,530,705,607,SMP NEGERI 1 SENTANI
PAKETA,2003,Ardys,Bishkek,2001-07-27,Berta,223,275,911,SMP NEGERI 1 SENTANI
SMK,2006,Alleen,Antananarivo,2015-08-20,Drucie,807,550,982,SMP NEGERI 2 SENTANI
PAKETB,2010,Dorthy,Pattaya,2012-07-16,Asia,959,976,641,SMP NEGERI 3 SENTANI
SD,2007,Melanie,Nakhon Ratchasima,1998-03-25,Corly,786,517,976,PAKETB
PAKETA,2011,Vevay,Tallinn,2014-05-18,Harrietta,223,617,518,SMK NEGERI 1 SENTANI
SMK,2006,Hope,Rosario,2002-07-02,Melodie,545,542,729,PAKETC
SD,2015,Bibby,Belgrade,2009-01-06,Valera,102,237,482,SMA NEGERI 3 SENTANI
SD,2015,Jasmina,Jerusalem,2019-07-13,Tabbatha,161,937,525,SMK NEGERI 1 SENTANI
SD,2017,Di,Yaren District,2012-05-24,Penelopa,948,624,714,SD NEGERI 1 SENTANI
SMP,2005,Ethel,Manchester,1999-08-24,Perry,85,378,756,SMP NEGERI 2 SENTANI
SMK,2002,Arabel,Atlanta,2005-06-11,Felice,638,168,880,PAKETB
PAKETC,2006,Natka,Pekanbaru,2004-07-18,Roseline,399,87,726,PAKETA
SMP,2017,Ezmeralda,Kharkiv,2001-11-18,Michaelina,374,553,848,PAKETA
PAKETB,2015,Norine,Chongjin,1999-10-06,Nikki,563,648,365,SMP NEGERI 2 SENTANI
SMP,2019,Taffy,Sana'a,2014-06-04,Glynnis,650,358,392,SMP NEGERI 1 SENTANI
SMA,2020,Rosanne,Dodoma,2015-08-05,Ronna,490,269,694,SD NEGERI 1 SENTANI
PAKETB,2003,Dorice,Yaren District,2010-04-17,Carly,754,355,478,PAKETA
SMP,2009,Orsola,Chicago,2007-02-15,Dianemarie,482,755,33,PAKETC
SMK,2007,Gabi,Quezon City,2000-08-29,Dede,650,673,586,SD NEGERI 1 SENTANI
PAKETC,2011,Meriel,Kaohsiung,2011-05-08,Tami,719,299,255,SMP NEGERI 3 SENTANI
PAKETA,2017,Dale,Panama City,1998-04-21,Sheree,572,179,663,PAKETB
SD,2017,Lanae,Manchester,2010-11-04,June,618,914,769,PAKETC
SMP,2008,Candy,Iquitos,2009-02-14,Max,304,604,173,SD NEGERI 1 SENTANI
SMK,2012,Kathi,Los Angeles,2005-12-22,Constance,83,893,128,PAKETB
SD,2005,Janey,Salt Lake City,2004-06-02,Mildrid,279,871,945,SMK NEGERI 1 SENTANI
SMP,2016,Talya,Ulan Bator,2017-09-18,Elmira,304,997,445,SMP NEGERI 2 SENTANI
PAKETA,2016,Sharlene,Alofi,2003-03-07,Esmeralda,209,356,231,SMA NEGERI 3 SENTANI
PAKETA,2006,Reeba,Lilongwe,2006-11-25,Lory,736,46,719,SMP NEGERI 2 SENTANI
SMP,2011,Lorne,Tehran,2000-09-25,Wilma,184,832,439,SMA NEGERI 2 SENTANI
SD,2008,Deloria,Kiev,1998-11-25,Lanae,664,727,419,SMP NEGERI 2 SENTANI
SMA,2022,Rayna,Yaoundé,2000-09-25,Giustina,366,76,59,SD NEGERI 1 SENTANI
SD,2015,Malina,Townsville,2015-02-05,Amii,229,507,295,SMK NEGERI 1 SENTANI
SMP,2022,Sandie,Kobe,2012-01-10,Tabbatha,70,818,412,PAKETC
PAKETB,2013,Paulita,Willemstad,2009-07-12,Pierette,379,863,26,SMP NEGERI 2 SENTANI
SMP,2001,Veda,Miami,1998-03-22,Katharina,189,68,201,SMP NEGERI 2 SENTANI
PAKETC,2002,Nonnah,Valdivia,2005-09-19,Hope,561,176,137,SMK NEGERI 1 SENTANI
PAKETC,2015,Hollie,Tirana,2013-05-11,Sam,863,135,698,SMP NEGERI 3 SENTANI
PAKETB,2000,Alejandra,Luxembourg (city),2016-12-11,Daune,695,52,887,SMP NEGERI 1 SENTANI
SMA,2006,Dorene,Sana'a,2010-05-21,Krystle,881,487,38,SMP NEGERI 2 SENTANI
SMA,2002,Hayley,Faisalabad,2012-07-17,Mureil,962,365,546,SMP NEGERI 2 SENTANI
SD,2018,Patricia,Málaga,2000-04-13,Laurene,14,789,793,SMA NEGERI 3 SENTANI
SD,2022,Edee,Sofia,2008-05-28,Sue,429,148,992,SD NEGERI 1 SENTANI
SD,2018,Jennica,Denver,2004-05-21,Marjie,244,913,515,PAKETB
PAKETB,2023,Lory,Denver,2003-11-18,Abbie,800,454,229,PAKETB
SMK,2006,Laurene,Mexicali,2003-09-14,Caritta,394,577,790,SMP NEGERI 1 SENTANI
SMA,2022,Jean,Osaka,2016-04-07,Tera,417,188,663,PAKETA
SD,2006,Rochette,Regina,2011-02-10,Paule,531,170,472,SMK NEGERI 1 SENTANI
PAKETC,2017,Angelique,Tiraspol,2011-10-26,Celestyna,592,645,452,SMP NEGERI 3 SENTANI
PAKETC,2009,Queenie,Bilbao,2005-08-08,Vita,727,648,207,SMP NEGERI 2 SENTANI
SMK,2010,Phylis,Wichita,2011-08-15,Wileen,136,462,112,SMP NEGERI 3 SENTANI
PAKETA,2018,Gratia,Campinas,2007-01-13,Fred,527,258,754,PAKETC
PAKETB,2012,Merle,Serekunda,2004-09-12,Tina,553,162,816,PAKETA
SD,2009,Gilda,Nanjing,2006-06-25,Luci,206,445,647,SMP NEGERI 3 SENTANI
PAKETB,2009,Cissiee,Harare,2007-03-26,Annice,669,594,654,SMP NEGERI 1 SENTANI
PAKETB,2008,Lanna,Milan,1998-11-22,Tybie,319,677,112,SD NEGERI 1 SENTANI
PAKETC,2021,Deane,Kota Kinabalu,2005-10-21,Dacia,303,436,101,PAKETC
SMK,2007,Georgetta,Saint-Denis,2013-10-11,Gerianna,24,531,184,SMP NEGERI 1 SENTANI
PAKETB,2018,Hyacinthe,Sofia,2014-10-11,Sashenka,770,371,899,PAKETC
SD,2002,Ileana,Charlottetown,2019-07-15,Amelia,583,721,70,SMP NEGERI 1 SENTANI
SMK,2006,Merci,Belize City,2003-10-08,Sam,521,526,722,SMP NEGERI 1 SENTANI
SMA,2010,Karolina,Medan,2009-05-25,Fina,590,503,672,SMP NEGERI 3 SENTANI
SD,2020,Briney,Strasbourg,2019-06-13,Althea,410,90,530,PAKETB
SMA,2020,Maridel,Managua,2003-07-19,Micheline,26,720,791,PAKETC
PAKETC,2017,Almeta,Rockhampton,1999-12-26,Sabina,949,882,501,PAKETB
SMA,2016,Elka,Sydney,2009-01-17,Winny,575,708,576,PAKETC
PAKETC,2010,Vanessa,Nuuk,2004-03-14,Tierney,509,757,35,PAKETC
PAKETB,2005,Harmonia,Yamoussoukro,2006-01-12,Corry,900,964,760,PAKETA
PAKETC,2018,Gui,Taichung,1999-03-28,Marinna,896,379,505,PAKETA
PAKETB,2009,Chickie,Nagpur,2012-09-06,Mireielle,286,530,764,SMA NEGERI 3 SENTANI
SD,2010,Lory,Iqaluit,2019-03-31,Cissiee,854,619,133,SMK NEGERI 1 SENTANI
PAKETB,2013,Alie,Hanoi,2011-07-13,Ernesta,368,472,555,PAKETB
SMA,2008,Jessy,Chennai,2011-02-18,Ernesta,466,157,994,PAKETC
SMK,2013,Adore,Tel Aviv,2000-05-14,Eugine,192,908,234,SMA NEGERI 3 SENTANI
PAKETC,2013,Micheline,Rochester,2015-12-18,Teddie,660,576,332,SD NEGERI 1 SENTANI
SD,2004,Reeba,Francistown,2009-09-17,Shandie,940,224,746,SMP NEGERI 3 SENTANI
SD,2019,Dagmar,Yellowknife,2015-09-21,Leontine,973,802,307,SD NEGERI 1 SENTANI
SMA,2007,Bobbi,Chennai,2011-09-01,Correy,268,989,654,SMP NEGERI 3 SENTANI
PAKETB,2009,Jeanna,Toronto,2005-05-08,Mildrid,158,367,12,SMA NEGERI 3 SENTANI
PAKETC,2000,Lacie,Cusco,2014-02-05,Annabela,11,513,100,SMK NEGERI 1 SENTANI
SMA,2020,Ardenia,Bogotá,2017-09-05,Rosene,162,656,505,SMP NEGERI 3 SENTANI
SMK,2005,Lynnea,Saint Petersburg,2010-03-28,Jeanna,40,165,914,SD NEGERI 1 SENTANI
SMA,2002,Siana,Virginia Beach,2015-04-05,Wilma,905,511,929,PAKETA
SMP,2009,Hope,Mogadishu,2008-06-19,Gwenneth,758,192,626,SMA NEGERI 3 SENTANI
PAKETC,2015,Millie,Majuro,2000-02-22,Mamie,797,540,870,SMA NEGERI 3 SENTANI
SMA,2020,Flory,Saint-Pierre,2007-01-04,Brooks,43,254,150,PAKETC
SD,2023,Lanae,Dakar,2015-08-06,Shirlee,425,441,534,SMA NEGERI 3 SENTANI
PAKETC,2013,Jacenta,Wellington,2004-07-13,Meg,719,421,599,PAKETC
SD,2015,Nadine,Kharkiv,1999-11-30,Iseabal,968,641,870,SMA NEGERI 3 SENTANI
PAKETC,2004,Hettie,Bissau,2004-09-19,Shirlee,559,702,920,PAKETB
PAKETC,2006,Mara,Cotonou,2016-07-06,Yvonne,839,126,361,SMA NEGERI 2 SENTANI
SMP,2022,Sean,Montreal,2018-04-07,Averyl,92,467,964,SMP NEGERI 2 SENTANI
SMP,2014,Renae,Mbabane,2014-12-09,Olwen,888,986,238,SD NEGERI 1 SENTANI
SD,2021,Calla,Frankfurt,2007-01-25,Briney,227,747,143,SMP NEGERI 1 SENTANI
SMP,2016,Allis,Bujumbura,2006-12-08,Sharai,997,527,101,PAKETA
PAKETB,2002,Moyna,City of Halifax,1998-05-19,Donetta,319,718,338,SMA NEGERI 3 SENTANI
PAKETC,2005,Margalo,Tabriz,2008-03-16,Ida,870,823,164,PAKETB
PAKETB,2005,Cam,Kraków,2008-03-18,Fina,440,426,114,SMA NEGERI 3 SENTANI
PAKETA,2001,Kial,Recife,2008-11-02,Beverley,170,602,735,SMK NEGERI 1 SENTANI
SMA,2022,Michaelina,Jinan,2013-01-17,Darci,891,251,259,SMK NEGERI 1 SENTANI
SMP,2009,Orelia,Bursa,2004-05-25,Edyth,87,997,365,PAKETC
PAKETB,2023,Laure,Louisville,2017-05-31,Kirbee,813,56,821,SMP NEGERI 1 SENTANI
PAKETB,2012,Shell,Kolkata,2005-10-11,Lindie,281,12,356,SD NEGERI 1 SENTANI
PAKETC,2004,Fanny,Cockburn Town,2005-03-24,Shandie,996,831,331,SD NEGERI 1 SENTANI
SMP,2003,Lulita,Porto-Novo,2015-08-19,Jaclyn,296,803,805,SMP NEGERI 2 SENTANI
PAKETC,2015,Nannie,Adelaide,2011-01-12,Shaine,606,826,327,SMK NEGERI 1 SENTANI
SMA,2023,Kaja,Louisville,2006-02-03,Marnia,520,586,436,SD NEGERI 1 SENTANI
SMP,2015,Linet,Willemstad,1998-06-12,Sidoney,60,959,861,PAKETB
SD,2014,Shaine,Maputo,2001-01-31,Allyce,546,296,581,PAKETB
PAKETB,2005,Jere,Valdivia,2004-02-28,Collen,473,131,188,SMA NEGERI 2 SENTANI
SMP,2007,Kate,Ndola,2007-07-15,Sandie,28,518,553,SMA NEGERI 2 SENTANI
SMA,2013,Mady,Serekunda,2016-09-29,Ivett,862,992,76,SMK NEGERI 1 SENTANI
PAKETA,2001,Kore,Riyadh,2016-05-24,Emelina,795,964,892,PAKETB
PAKETC,2012,Jasmina,Busan,2019-08-05,Marnia,742,243,40,SMA NEGERI 3 SENTANI
SD,2010,Felice,Arbil,2002-05-05,Cathyleen,220,3,966,SMP NEGERI 2 SENTANI
SMK,2022,Winny,Weno,2003-09-20,Hannis,876,426,14,SMA NEGERI 3 SENTANI
SMP,2000,Ardenia,Split (city),2005-03-02,Roz,251,370,318,SD NEGERI 1 SENTANI
PAKETC,2004,Kara-Lynn,Honolulu,2013-04-25,Rochette,673,728,997,PAKETC
SMK,2002,Silvana,Kota Bharu,2008-03-12,Steffane,907,366,381,SMA NEGERI 2 SENTANI
SMA,2003,Jenilee,Port Elizabeth,2018-10-10,Charissa,18,116,99,SD NEGERI 1 SENTANI
PAKETB,2004,Goldie,Quezon City,2008-01-26,Sashenka,864,716,879,SD NEGERI 1 SENTANI
PAKETC,2003,Marcy,Magadan,1999-03-31,Lorie,751,321,967,PAKETA
PAKETA,2001,Christy,Mogadishu,1999-12-31,Thalia,718,810,971,SMK NEGERI 1 SENTANI
SD,2011,Leontine,Cali,2012-11-24,Brooks,586,345,302,PAKETB
PAKETA,2019,Cherrita,Iquitos,2019-09-13,Cathie,448,184,12,PAKETB
PAKETB,2021,Brietta,Miami,2019-01-19,Queenie,872,176,677,SMP NEGERI 3 SENTANI
SMA,2016,Konstance,Adelaide,2004-01-11,Halette,818,577,71,SMP NEGERI 1 SENTANI
SD,2013,Sharlene,Chişinău,2001-05-24,Alisha,247,848,701,PAKETC
PAKETB,2013,Nelle,Daegu,2006-07-20,Starla,543,16,262,SD NEGERI 1 SENTANI
PAKETB,2011,Leontine,Lobamba,1998-01-03,Sharai,425,869,970,PAKETA
PAKETA,2011,Danika,Bern,2013-04-30,Blondelle,167,768,703,PAKETC
PAKETC,2021,Larine,St. George's,2004-09-15,Kary,465,362,638,SMA NEGERI 2 SENTANI
SMK,2008,Kathy,Nukuʻalofa,2019-05-25,Diena,20,615,748,SMA NEGERI 3 SENTANI
SMK,2000,Harmonia,Quebec City,2011-11-06,Cherrita,457,344,574,PAKETB
PAKETA,2009,Melina,Ashgabat,2019-07-18,Annabela,136,494,26,SMP NEGERI 2 SENTANI
PAKETB,2021,Hannis,Baghdad,2009-04-03,Correy,833,822,748,SD NEGERI 1 SENTANI
SMK,2017,Amara,Phnom Penh,2016-11-29,Frances,56,883,211,PAKETC
SMA,2007,Arlena,Salt Lake City,2013-03-06,Jobi,778,998,568,PAKETB
PAKETC,2006,Fanny,El Paso,2015-05-15,Aurore,26,747,90,SMP NEGERI 1 SENTANI
PAKETB,2001,Tonia,Manila,2011-02-19,Selma,589,695,391,SD NEGERI 1 SENTANI
SMK,2005,Edee,Douala,2016-11-25,Karina,546,745,199,PAKETA
PAKETB,2014,Pierette,Edinburgh,2008-04-11,Di,361,245,144,PAKETA
SMK,2017,Emmey,Reykjavík,2018-02-06,Dagmar,25,82,529,SMP NEGERI 2 SENTANI
PAKETC,2007,Lolita,Marrakech,2013-08-09,Helena,984,237,152,SMK NEGERI 1 SENTANI
PAKETC,2021,Shirlee,Lanzhou,2013-10-03,Pamella,82,898,645,PAKETC
PAKETC,2002,Adore,Maseru,2000-08-17,Veda,628,337,106,SMP NEGERI 1 SENTANI
PAKETA,2014,Ardeen,Karachi,1998-04-14,Patricia,468,678,78,SD NEGERI 1 SENTANI
SMA,2002,Dolli,Chicago,2016-12-02,Sibella,626,553,902,SD NEGERI 1 SENTANI
SD,2023,Krystle,Hiroshima,2008-11-01,Collen,293,619,435,SMP NEGERI 1 SENTANI
SD,2016,Georgetta,Bangkok,2013-05-27,Kore,122,489,920,SMP NEGERI 2 SENTANI
SMA,2006,Belva,Huế,1999-06-18,Karly,867,429,930,PAKETA
SMK,2006,Dode,Marseille,2004-03-14,Nollie,745,122,607,SMP NEGERI 3 SENTANI
SMA,2013,Max,Jinan,2015-11-01,Dorice,531,33,648,SMA NEGERI 3 SENTANI
SMA,2014,Gui,Yamoussoukro,2012-08-02,Korrie,504,134,69,SMA NEGERI 2 SENTANI
SD,2023,Dale,San Diego,2016-09-16,Bobinette,65,409,834,SMP NEGERI 3 SENTANI
PAKETB,2008,Meghann,Amsterdam,2000-06-23,Jaclyn,333,550,915,PAKETC
SMA,2002,Jan,Castries,2017-12-11,Gale,258,228,465,SMP NEGERI 2 SENTANI
PAKETA,2013,Eugine,Campinas,2014-01-27,Lorenza,277,977,729,SMP NEGERI 1 SENTANI
PAKETC,2010,Teriann,Sabha,2007-11-04,Dagmar,837,861,756,SMP NEGERI 1 SENTANI
PAKETB,2009,Lorenza,San Francisco,2001-02-08,Evaleen,259,728,402,SMA NEGERI 2 SENTANI
SD,2011,Marylou,Dakar,2018-10-16,Mariann,811,636,967,SD NEGERI 1 SENTANI
SMP,2021,Blondelle,Yakutsk,2005-08-06,Nananne,589,906,210,SMA NEGERI 2 SENTANI
SMK,2020,Renie,Bangalore,2016-05-08,Sybille,372,363,437,SMP NEGERI 1 SENTANI
SMA,2002,Nadine,Kunming,1999-08-06,Ardys,234,390,552,SMA NEGERI 2 SENTANI
SMK,2019,Chandra,Lahore,2005-08-12,Hildegaard,968,166,87,SMA NEGERI 3 SENTANI
SD,2003,Kamilah,Dar es Salaam,2014-10-24,Clary,273,162,699,PAKETA
PAKETC,2001,Lynde,Dededo,2017-09-25,Dania,46,149,166,SMP NEGERI 1 SENTANI
SMP,2021,June,Phnom Penh,2014-03-08,Desirae,676,59,626,SMA NEGERI 2 SENTANI
PAKETB,2016,Orelia,Düsseldorf,2005-03-22,Yetty,344,332,348,SMA NEGERI 3 SENTANI
PAKETB,2022,Gilda,Leeds,2000-02-20,Estell,971,694,539,PAKETB
SMK,2009,Lita,Nakhon Ratchasima,2000-04-10,Elfreda,976,372,899,SMA NEGERI 2 SENTANI
SMK,2023,Bobinette,Providence,2011-03-15,Annaliese,879,909,190,PAKETB
SMA,2021,Althea,Atlanta,2016-08-27,Stephanie,217,40,111,SMK NEGERI 1 SENTANI
SMK,2022,Shirlee,Multan,2018-07-25,Kamilah,718,263,723,SMA NEGERI 3 SENTANI
SMP,2003,Ingrid,Asmara,2000-11-12,Orelia,210,990,867,SMP NEGERI 1 SENTANI
PAKETC,2012,Lolita,Peshawar,2016-02-15,Taffy,533,390,959,SMA NEGERI 2 SENTANI
PAKETC,2008,Adriana,Iloilo City,2013-10-20,Sibella,710,410,300,PAKETB
SMP,2016,Nollie,Ahmedabad,2003-07-04,Larine,129,261,586,SMA NEGERI 2 SENTANI
SMK,2011,Aryn,Guangzhou,2008-09-12,Cassandra,13,778,878,PAKETB
SMP,2018,Quintina,Barranquilla,2008-06-26,Jenda,729,827,610,SMA NEGERI 2 SENTANI
PAKETA,2003,Lorie,Douala,2000-04-04,Kate,502,843,449,SMP NEGERI 1 SENTANI
SMA,2000,Trixi,Chicago,2017-07-13,Halette,118,558,71,PAKETB
PAKETC,2010,Karena,Lucknow,2004-02-17,Hollie,997,961,951,SMP NEGERI 2 SENTANI
SMP,2020,Bernardine,Leipzig,2014-12-12,Blondelle,317,412,348,SD NEGERI 1 SENTANI
PAKETA,2003,Ingrid,Medan,2004-11-16,Abbie,607,314,122,PAKETB
SMP,2018,Estell,San Juan,2013-12-18,Hannis,235,651,980,SMA NEGERI 2 SENTANI
PAKETA,2020,Stevana,Shanghai,2011-05-23,Gilda,145,905,148,SMP NEGERI 2 SENTANI
PAKETA,2004,Orelia,Rabi Island,2017-12-10,Selma,178,942,352,PAKETA
PAKETB,2023,Arabel,Zürich,2015-04-10,Claudina,363,790,331,SMP NEGERI 3 SENTANI
PAKETA,2001,Ezmeralda,Kinshasa,2010-04-13,Fawne,642,302,255,SMA NEGERI 3 SENTANI
PAKETB,2012,Judy,Port Vila,2018-04-02,Rayna,460,542,32,SMP NEGERI 1 SENTANI
PAKETB,2023,Kimberley,Düsseldorf,2011-04-28,Chandra,418,991,132,SMA NEGERI 3 SENTANI
PAKETC,2003,Sheelagh,Juneau,2006-04-06,Carilyn,116,98,524,SMP NEGERI 3 SENTANI
SD,2018,Sindee,Ushuaia,2017-01-27,Melanie,113,388,319,PAKETB
PAKETB,2022,Shaine,Tunis,1999-04-09,Andree,137,991,320,SD NEGERI 1 SENTANI
SMA,2006,Verla,Apia,2009-09-11,Minne,24,256,932,SMK NEGERI 1 SENTANI
PAKETC,2004,Margalo,Tampa,2014-01-19,Christian,574,999,645,SMK NEGERI 1 SENTANI
PAKETC,2003,Jolyn,São José dos Campos,2014-09-02,Vivia,336,226,14,SMP NEGERI 2 SENTANI
PAKETB,2011,Marleah,Papeete,2001-07-10,Clementine,33,920,230,SMP NEGERI 2 SENTANI
SD,2009,Brena,Caracas,2012-01-23,Frances,806,783,824,SMP NEGERI 2 SENTANI
PAKETC,2010,Chastity,Santa Cruz de la Sierra,1998-09-07,Janenna,62,929,94,SMP NEGERI 1 SENTANI
PAKETA,2006,Mamie,Boston,1999-04-20,Sharai,880,353,294,SMP NEGERI 3 SENTANI
PAKETB,2008,Aurore,Forked River,2018-11-08,Cathie,773,17,686,SMA NEGERI 3 SENTANI
SD,2022,Karlee,Patna,2004-07-06,Sidoney,558,890,445,SMK NEGERI 1 SENTANI
SMK,2002,Marleah,El Aaiún,2008-11-09,Adele,727,853,871,SMP NEGERI 1 SENTANI
SMK,2022,Maye,Sapporo,2007-07-16,Sam,800,857,138,SD NEGERI 1 SENTANI
SMP,2011,Cathyleen,Ho Chi Minh City,1998-04-23,Ethel,836,737,795,SD NEGERI 1 SENTANI
SD,2000,Jasmina,Siem Reap,2004-01-01,Layla,875,823,370,SMA NEGERI 2 SENTANI
SD,2014,Kylynn,Harare,2006-05-07,Melodie,563,918,896,PAKETA
SMK,2020,Demetris,Lilongwe,2003-03-27,Grier,828,543,70,PAKETA
PAKETB,2004,Cherrita,Nassau,2009-06-11,Heddie,817,999,678,SMK NEGERI 1 SENTANI
PAKETC,2011,Kimberley,Valencia,2002-08-27,Berta,889,427,641,SMP NEGERI 3 SENTANI
SMP,2010,Regina,Antwerp,2013-08-16,Lexine,684,110,611,SMP NEGERI 1 SENTANI
PAKETB,2009,Jordan,Dhaka,2004-12-20,Petronia,364,959,313,SMK NEGERI 1 SENTANI
SMA,2004,Zia,Lucknow,2016-07-25,Alex,204,538,629,SMA NEGERI 3 SENTANI
SMK,2007,Hildegaard,Manchester,2012-05-21,Veda,752,179,589,SMA NEGERI 2 SENTANI
SMK,2009,Vonny,Cuiabá,2006-12-01,Merle,530,450,730,SMA NEGERI 2 SENTANI
SD,2017,Wileen,Yaoundé,2012-12-03,Shirlee,773,764,248,PAKETC
PAKETB,2004,Margalo,Okinawa,2008-03-05,Melisent,356,126,930,SMP NEGERI 3 SENTANI
SMK,2021,Cherilyn,Libreville,2009-12-11,Berta,755,162,521,SMA NEGERI 3 SENTANI
SMP,2012,Melisent,Seville,2006-08-04,Shell,143,600,725,SMP NEGERI 1 SENTANI
SMA,2010,Leia,Saint-Pierre,2001-08-01,Allyce,15,362,218,SMP NEGERI 2 SENTANI
SMA,2013,Lory,Guadalajara,2019-08-25,Atlanta,483,33,224,SMP NEGERI 2 SENTANI
PAKETA,2004,Lisette,Cusco,2013-01-06,Elmira,610,137,294,PAKETC
SD,2019,Carlie,Quetzaltenango,1999-04-06,Danny,418,979,369,SMP NEGERI 1 SENTANI
SD,2007,Lizzie,Pyongyang,2005-04-16,Veda,672,300,563,SMA NEGERI 3 SENTANI
PAKETC,2003,Noelle,Bergen,2006-11-05,Roseline,970,758,996,PAKETB
PAKETB,2014,Sharai,Daegu,2008-09-06,Zaria,161,194,707,SMA NEGERI 3 SENTANI
SMA,2008,Mureil,Francistown,1999-05-19,Nelle,473,92,329,SMA NEGERI 2 SENTANI
PAKETB,2016,Jennica,Gibraltar,2000-01-26,Eve,39,906,871,SMA NEGERI 2 SENTANI
SMA,2015,Johna,Colombo,2013-09-26,Cissiee,119,666,184,SD NEGERI 1 SENTANI
PAKETC,2010,Frieda,Bishkek,1999-03-03,Nicoli,226,849,210,SMA NEGERI 3 SENTANI
PAKETC,2023,Annabela,Columbus,2016-10-17,Fred,197,790,793,SD NEGERI 1 SENTANI
SMA,2013,Louella,Dushanbe,2004-10-05,Gratia,131,579,496,SMP NEGERI 3 SENTANI
SMA,2023,Maye,Forked River,2002-11-16,Aryn,142,991,62,SMA NEGERI 2 SENTANI
SD,2006,Chickie,Tagbilaran,2006-04-12,Nanete,462,399,226,SMP NEGERI 1 SENTANI
SMP,2002,Christy,Yellowknife,2005-10-18,Sabina,681,332,272,SMA NEGERI 3 SENTANI
PAKETC,2022,Jenilee,Boston,1999-04-28,Angelique,294,642,74,SMA NEGERI 3 SENTANI
PAKETC,2022,Maryellen,San José,2017-03-20,Carolina,780,48,982,SMK NEGERI 1 SENTANI
SD,2010,Cristabel,Los Angeles,2005-07-27,Giustina,80,424,556,SMK NEGERI 1 SENTANI
SD,2001,Frieda,Bujumbura,2006-09-11,Etta,505,143,869,SMA NEGERI 2 SENTANI
SMA,2001,Sandie,Jakarta,2016-12-31,Gui,538,487,666,SMP NEGERI 1 SENTANI
PAKETB,2009,Tybie,Cleveland,2018-07-17,Darlleen,558,744,683,SMA NEGERI 3 SENTANI
PAKETA,2017,Mireielle,Mamoudzou,2010-11-27,Tierney,302,739,440,SMP NEGERI 2 SENTANI
SMA,2021,Nyssa,Helsinki,2002-11-18,Mariele,845,613,433,PAKETC
SMK,2017,Brynna,Brikama,2007-11-03,Cassondra,545,562,81,SMA NEGERI 3 SENTANI
PAKETB,2022,Elvira,Surat,2019-06-27,Maud,22,215,317,SMP NEGERI 2 SENTANI
SMA,2001,Ninnetta,Norilsk,2015-07-28,Gusella,816,224,460,SMA NEGERI 3 SENTANI
PAKETB,2020,Tilly,Abuja,2008-11-28,Beatriz,888,93,581,SMA NEGERI 3 SENTANI
PAKETC,2011,Adore,Beijing,2005-09-04,Gwenneth,807,80,394,SMP NEGERI 1 SENTANI
PAKETA,2012,Paola,Vientiane,2008-05-30,Bill,665,476,48,SD NEGERI 1 SENTANI
PAKETB,2022,Andeee,Liverpool,2012-04-28,Elise,92,810,314,PAKETC
SMA,2001,Mellicent,Bandar Seri Begawan,2008-09-20,Rayna,720,946,939,SMA NEGERI 2 SENTANI
SMK,2007,Dulce,Saint Petersburg,2013-09-18,Halette,790,53,882,PAKETA
PAKETA,2006,Bettine,Hanover,2017-01-12,Melina,711,270,918,PAKETA
SMP,2002,Raquela,Mbabane,2006-01-28,Therine,676,114,228,SMP NEGERI 1 SENTANI
SMP,2011,Millie,Algiers,2006-09-24,Jsandye,174,259,528,SMP NEGERI 2 SENTANI
SMA,2017,Katleen,Lahore,2006-09-04,Marjie,647,774,481,PAKETC
PAKETA,2011,Cherrita,Birmingham,2000-01-09,Ernesta,990,781,757,SMP NEGERI 3 SENTANI
PAKETA,2019,Dione,Sofia,2016-12-13,Desirae,97,434,243,SMA NEGERI 3 SENTANI
SMK,2001,Tilly,Jakarta,2019-11-04,Dari,379,862,365,PAKETB
SD,2009,Edee,St. John's,2016-09-14,Amelia,990,73,257,PAKETB
PAKETC,2013,Steffane,Louisville,2009-06-03,Lynnea,739,91,725,PAKETC
PAKETC,2016,Mady,Bangalore,2009-08-26,Kial,465,450,326,SMA NEGERI 3 SENTANI
PAKETA,2002,Tera,Iquitos,2005-12-05,Kerrin,884,570,22,SMP NEGERI 1 SENTANI
SMP,2003,Fina,Tunis,2016-11-03,Goldie,745,268,64,SMA NEGERI 2 SENTANI
SMK,2013,Juliane,Port Louis,1998-12-27,Sibella,68,345,72,SD NEGERI 1 SENTANI
SMA,2021,Carlie,Handan,2010-05-25,Antonietta,99,870,141,SMP NEGERI 2 SENTANI
PAKETB,2019,Desirae,Pune,2006-05-30,Bobbi,535,543,158,SMA NEGERI 2 SENTANI
PAKETA,2019,Aaren,Yaoundé,2013-01-23,Jobi,222,948,490,SMP NEGERI 3 SENTANI
PAKETC,2002,Brynna,Hilo,2011-08-14,Shirlee,157,403,142,PAKETA
SMA,2022,Karly,Adak,2003-03-23,Ermengarde,714,282,895,SMP NEGERI 3 SENTANI
PAKETB,2008,Roseline,Milan,2012-09-05,Ivett,518,358,574,SD NEGERI 1 SENTANI
PAKETB,2004,Christian,Málaga,2015-08-21,Vivia,484,890,491,SMA NEGERI 3 SENTANI
SMP,2018,Jeanna,Brasília,2003-01-20,Lisette,947,381,906,SMP NEGERI 2 SENTANI
SMA,2018,Christal,Fukuoka,2005-12-20,Corina,719,419,354,PAKETB
PAKETC,2011,Yolane,Santiago de Cuba,2017-03-15,Gui,48,876,501,PAKETA
SMA,2008,Kore,Livingstone,2007-03-20,Madalyn,533,891,718,SD NEGERI 1 SENTANI
PAKETA,2022,Madelle,Fortaleza,2006-03-17,Tressa,369,215,589,SMA NEGERI 3 SENTANI
PAKETA,2019,Justinn,Vladivostok,2009-10-13,Shirlee,169,981,769,SMK NEGERI 1 SENTANI
PAKETC,2019,Georgetta,Juneau,2007-04-22,Elora,419,141,101,SMP NEGERI 2 SENTANI
SMA,2001,Sean,Bujumbura,2019-08-15,Cathie,391,904,576,SMK NEGERI 1 SENTANI
PAKETC,2010,Elyssa,Hiroshima,2013-11-29,Arabel,308,12,127,SMA NEGERI 2 SENTANI
PAKETC,2000,Candy,Seattle,2009-05-05,Anestassia,454,789,982,SMP NEGERI 3 SENTANI
SD,2001,Jacenta,Brisbane,2007-12-28,Karena,967,339,790,SMA NEGERI 2 SENTANI
SMP,2019,Carlie,Nantes,2008-09-10,Kristan,510,89,779,PAKETA
SMA,2023,Thalia,Harbin,2015-08-03,Annecorinne,287,4,112,SD NEGERI 1 SENTANI
PAKETB,2020,Mariele,Douglas,2005-01-31,Christal,725,514,660,PAKETB
PAKETC,2018,Dania,Vilnius,2018-08-26,Melanie,288,856,348,PAKETC
PAKETA,2005,Annaliese,Seville,2010-10-11,Leanna,758,634,34,SD NEGERI 1 SENTANI
SMA,2022,Ira,Suez,2004-06-15,Tina,174,827,984,PAKETB
SMA,2013,Caritta,Jayapura,2008-10-04,Wilma,244,13,558,SMP NEGERI 2 SENTANI
PAKETC,2016,Leia,Bogor,2007-12-12,Christal,32,265,846,PAKETB
PAKETB,2001,Jessy,Malabo,2009-07-03,Flo,34,309,502,SMP NEGERI 2 SENTANI
PAKETB,2015,Beatriz,Malang,2016-08-28,Codie,37,782,3,SMA NEGERI 3 SENTANI
PAKETB,2000,Lanae,San Juan,2010-09-05,Averyl,700,260,612,PAKETA
SD,2009,Alex,Aberdeen,2014-09-25,Lexine,98,140,276,SMP NEGERI 2 SENTANI
PAKETA,2023,Roseline,Valdivia,2017-04-10,Harmonia,549,622,203,SMA NEGERI 2 SENTANI
SMP,2004,Madelle,Xi'an,2006-01-22,Mureil,153,274,383,SMP NEGERI 3 SENTANI
PAKETC,2004,Raina,Charlottetown,2002-10-06,Mureil,275,872,423,PAKETA
PAKETC,2021,Kerrin,Ljubljana,2000-07-07,Dulce,54,979,361,PAKETB
PAKETB,2005,Gwenneth,Auckland,2002-09-22,Aurelie,660,717,902,SMA NEGERI 3 SENTANI
SMP,2015,Layla,Shenyang,2009-07-28,Aili,568,787,164,SMP NEGERI 1 SENTANI
SD,2021,Jeanna,City of Halifax,2010-10-24,Gisela,76,623,707,SMA NEGERI 2 SENTANI
SMP,2000,Jordan,Singapore,2004-12-14,Linzy,950,106,778,SD NEGERI 1 SENTANI
PAKETB,2013,Cathyleen,The Hague,2005-12-06,Elbertina,160,219,299,SMP NEGERI 2 SENTANI
SMK,2011,Corly,Kano,2005-10-13,Beatriz,392,13,593,SMP NEGERI 1 SENTANI
PAKETA,2009,Ronna,Freetown,2005-03-19,Harrietta,768,396,738,SD NEGERI 1 SENTANI
PAKETA,2023,Mahalia,Malang,2008-03-07,Roseline,725,419,963,SMA NEGERI 2 SENTANI
SMP,2023,Jaime,Copenhagen,2000-09-18,Margette,857,488,64,SMP NEGERI 2 SENTANI
PAKETA,2002,Phedra,Charlotte Amalie,2001-02-05,Celestyna,683,414,747,PAKETB
SMA,2021,Mathilda,Chihuahua,2018-05-05,Tierney,681,116,745,SMP NEGERI 1 SENTANI
PAKETA,2006,Lusa,Lanzhou,2008-04-29,Alleen,622,671,22,SD NEGERI 1 SENTANI
PAKETA,2009,Nerta,Saipan,2001-02-16,Mathilda,972,9,412,SMP NEGERI 3 SENTANI
PAKETA,2003,Lorie,Ouagadougou,2004-06-30,Fanchon,918,243,587,SMP NEGERI 1 SENTANI
PAKETA,2008,Siana,Dakar,2012-05-24,Riannon,758,699,538,SMP NEGERI 3 SENTANI
SMA,2019,Viki,Kanpur,2007-03-01,Elfreda,893,371,395,SMP NEGERI 3 SENTANI
SMP,2007,Beverley,Koulikoro,2020-01-01,Aimil,194,832,760,SMP NEGERI 1 SENTANI
SMA,2021,Alex,Rio de Janeiro,2009-09-08,Dede,58,444,405,SMP NEGERI 3 SENTANI
SD,2001,Ekaterina,Nouakchott,2005-06-06,Angela,990,329,763,PAKETB
PAKETA,2010,Anthia,Manaus,2005-11-30,Winny,726,538,248,PAKETA
PAKETB,2019,Meg,Nukus,2002-10-26,Jaclyn,450,953,99,SMP NEGERI 2 SENTANI
SMP,2011,Farrah,Harbin,2004-07-02,Eolanda,810,123,487,SMA NEGERI 2 SENTANI
PAKETA,2021,Sara-Ann,New York City,2003-02-09,Winifred,550,178,638,SMP NEGERI 2 SENTANI
PAKETC,2001,Sophia,Lanzhou,2002-01-10,Katharina,851,360,195,SMK NEGERI 1 SENTANI
SD,2015,Amara,Fort-de-France,2008-11-28,Gwyneth,701,272,866,PAKETB
PAKETC,2017,Sibella,Chengdu,2010-04-25,Anallese,770,407,987,SMP NEGERI 1 SENTANI
SMA,2003,Audrie,Zanzibar City,2016-10-21,Vanessa,178,128,90,PAKETA
SMA,2022,Nataline,Rotterdam,2001-04-21,Annice,988,799,964,PAKETB
SMA,2015,Georgetta,Wollongong,2013-01-19,Darlleen,316,153,864,PAKETA
SMK,2017,Bill,Nakhon Ratchasima,2011-12-09,Allyce,910,106,747,SMP NEGERI 2 SENTANI
PAKETC,2003,Margarette,Vancouver,2013-06-07,Odessa,945,469,598,SMA NEGERI 3 SENTANI
PAKETB,2023,Elmira,Chennai,2003-06-07,Aurore,651,941,557,SMA NEGERI 3 SENTANI
PAKETA,2020,Jaclyn,Tokyo,1999-11-24,Liana,107,944,360,SMP NEGERI 2 SENTANI
PAKETA,2010,Jillayne,Port Vila,2017-11-30,Nicoli,217,732,726,SMK NEGERI 1 SENTANI
SMA,2009,Betta,San Salvador,2015-08-26,Jenilee,956,441,775,SMP NEGERI 3 SENTANI
SMP,2011,Emmey,Sydney,2000-08-01,Rebeca,720,732,441,SMK NEGERI 1 SENTANI
SMP,2020,Peri,Bandung,1999-11-11,Marika,868,174,228,PAKETB
SMK,2022,Imojean,Marseille,2010-02-09,Mellicent,547,700,177,SMP NEGERI 2 SENTANI
SMP,2004,Noelle,Kinshasa,2009-11-11,Rivalee,251,427,478,SMP NEGERI 2 SENTANI
SD,2018,Penelopa,Malabo,2009-04-28,Nadine,495,197,990,SMP NEGERI 3 SENTANI
SD,2002,Sharlene,Jayapura,2010-03-20,Karly,579,493,444,SMP NEGERI 1 SENTANI
SD,2010,Maridel,Hanover,2001-08-11,Sallie,84,910,115,SMP NEGERI 1 SENTANI
SMP,2003,Tina,Pittsburgh,1998-09-20,Janis,667,494,840,SMP NEGERI 1 SENTANI
SMP,2008,Ira,Dammam,1999-06-10,Mildrid,601,712,129,SMK NEGERI 1 SENTANI
PAKETC,2014,Edyth,Kaohsiung,2014-09-12,Frieda,168,294,360,PAKETB
PAKETC,2018,Joleen,Horta (Azores),2015-08-24,Hyacinthe,53,375,367,SMA NEGERI 2 SENTANI
SMK,2020,Louella,Tokyo,2008-05-08,Maisey,365,317,39,PAKETC
PAKETC,2003,Robinia,Charlottetown,2009-11-25,Justinn,659,426,685,SMP NEGERI 2 SENTANI
SMP,2000,Maryellen,Roseau,2014-01-12,Beth,948,724,712,PAKETC
PAKETC,2017,Nita,Chişinău,2007-04-20,Josephine,694,160,397,PAKETB
SMK,2018,Aili,Oranjestad,2010-01-28,Damaris,189,380,490,SMA NEGERI 2 SENTANI
PAKETB,2006,Amara,Cork (city),2003-05-01,Noelle,121,217,254,PAKETA
SMA,2020,Giustina,Edmonton,2010-03-04,Deirdre,856,72,495,SMK NEGERI 1 SENTANI
SD,2001,Renae,San Fernando,2000-06-20,Aurelie,187,750,167,SMK NEGERI 1 SENTANI
SMP,2006,Paule,Tallinn,2012-03-26,Gertrud,683,163,588,SMK NEGERI 1 SENTANI
SMP,2008,Calla,Nouméa,2007-05-27,Lory,597,236,735,SMP NEGERI 1 SENTANI
SMP,2012,Felice,Surat,2006-10-17,Noelle,946,278,221,SMA NEGERI 2 SENTANI
SMA,2007,Arlina,Cape Town,2011-05-13,Leanna,417,813,406,PAKETA
SMP,2000,Anica,Dushanbe,1999-05-16,Ardeen,869,821,671,SMP NEGERI 2 SENTANI
PAKETA,2004,Alyda,Fortaleza,2002-08-07,Ottilie,640,504,894,SMP NEGERI 2 SENTANI
PAKETC,2009,Yetty,Jamestown,2003-08-31,Meghann,457,182,955,SMA NEGERI 2 SENTANI
SMP,2021,Veda,Port Elizabeth,2019-03-20,Aurore,833,408,623,SMP NEGERI 2 SENTANI
PAKETA,2001,Demetris,İzmir,2019-10-07,Susette,466,937,550,SMK NEGERI 1 SENTANI
PAKETB,2016,Ashlee,Chicago,2015-03-24,Daryl,738,72,51,SMP NEGERI 2 SENTANI
SMP,2011,Leeanne,Podgorica,2014-12-25,Debee,945,565,900,SD NEGERI 1 SENTANI
SD,2019,Ketti,Seoul,2003-11-02,Daune,818,862,102,SMA NEGERI 3 SENTANI
SMP,2023,Queenie,San Diego,2014-02-21,Kenna,634,68,95,PAKETA
PAKETC,2023,Melina,Port Said,2007-11-02,Jasmina,391,404,517,PAKETB
PAKETA,2022,Carol-Jean,Santo Domingo,2003-07-30,Roberta,951,961,269,SD NEGERI 1 SENTANI
PAKETC,2015,Sharlene,Puebla,2014-05-16,Berta,473,325,977,SMP NEGERI 1 SENTANI
SMA,2002,Hermione,Havana,1998-04-12,Michaelina,672,835,688,SMA NEGERI 2 SENTANI
PAKETA,2001,Aeriela,Ankara,2002-01-30,Violet,516,461,735,SD NEGERI 1 SENTANI
SMK,2023,Annice,Kuwait City,2004-11-29,Valeda,852,503,398,PAKETA
SD,2016,Raf,Mexico City,2005-09-07,Rani,241,143,883,PAKETB
SMA,2021,Ericka,Jerusalem,2005-05-18,Antonietta,397,701,446,PAKETB
PAKETB,2021,Veda,Liverpool,2006-05-10,Betta,386,417,857,SMA NEGERI 3 SENTANI
PAKETB,2012,Nananne,Tiraspol,2009-02-27,Maisey,207,797,909,SMA NEGERI 3 SENTANI
SMK,2012,Florie,Hanga Roa,2010-09-22,Aurelie,360,986,446,SMA NEGERI 3 SENTANI
SD,2003,Kayla,Xi'an,2003-10-16,Helena,831,855,162,SMP NEGERI 2 SENTANI
PAKETC,2006,Karina,Kigali,2018-12-17,Elka,516,127,66,SMP NEGERI 2 SENTANI
SMK,2021,Fanny,Maracaibo,2002-02-25,Concettina,146,385,765,SMA NEGERI 3 SENTANI
PAKETA,2004,Atlanta,Kharkiv,2015-10-22,Ariela,478,446,871,SMP NEGERI 2 SENTANI
SD,2017,Candi,Tashkent,2009-12-10,Valli,338,647,754,PAKETB
PAKETC,2017,Katleen,Las Vegas,2018-09-05,Merle,677,251,368,SMA NEGERI 2 SENTANI
PAKETA,2019,Dione,Jeddah,2005-09-25,Lorenza,418,525,767,SMA NEGERI 2 SENTANI
SMA,2012,Nessie,Portland,2018-03-23,Kassey,642,32,28,SMP NEGERI 1 SENTANI
PAKETB,2011,Xylina,Campinas,2008-12-24,Ashlee,163,164,146,SD NEGERI 1 SENTANI
SD,2019,Fanny,Ottawa,2016-12-22,Lacie,165,129,385,PAKETB
SMP,2018,Marline,Ilhéus,2018-03-08,Blake,560,63,383,PAKETB
SMA,2015,Benita,Kano,2000-09-12,Marylou,55,424,421,SMP NEGERI 3 SENTANI
SMA,2019,Lucy,Suva,2002-02-27,Brietta,848,62,511,SMP NEGERI 1 SENTANI
SD,2008,Mellicent,Siem Reap,2011-04-01,Vevay,119,652,432,PAKETB
PAKETA,2007,Kate,Chengdu,2010-04-17,Karlee,152,530,664,SMA NEGERI 3 SENTANI
SMP,2009,Dagmar,Brussels,2010-07-08,Aaren,102,403,354,SMA NEGERI 3 SENTANI
SD,2013,Amalie,Kuala Lumpur,2008-03-03,Candi,701,688,770,SMP NEGERI 2 SENTANI
PAKETC,2004,Donnie,Hamburg,2011-10-04,Lucille,508,577,122,PAKETB
SD,2003,Amii,Ottawa,2005-11-07,Allis,891,208,875,SD NEGERI 1 SENTANI
SMA,2010,Tilly,Praia,2000-01-29,Gilda,523,592,83,SD NEGERI 1 SENTANI
SMP,2000,Consuela,Padang,2004-01-19,Vevay,648,187,676,SMP NEGERI 2 SENTANI
SMA,2007,Sarette,Port Elizabeth,2014-11-16,Lindie,40,825,941,PAKETC
PAKETA,2000,Hannis,Salt Lake City,2000-01-24,Dagmar,268,690,981,SMP NEGERI 3 SENTANI
PAKETC,2019,Lilith,Kyoto,2017-04-03,Roz,418,275,415,PAKETC
PAKETC,2005,Corry,Shigatse,2002-07-08,Ida,263,452,661,SMA NEGERI 3 SENTANI
SMP,2005,Cassondra,Atlanta,2019-10-17,Cathyleen,111,890,569,PAKETA
PAKETB,2011,Ebonee,Chengdu,2006-05-02,Dale,739,182,974,SD NEGERI 1 SENTANI
SMK,2004,Tersina,Washington,2014-11-21,Marylou,551,601,323,SD NEGERI 1 SENTANI
PAKETA,2001,Ermengarde,Washington,2002-03-18,Merci,610,830,891,SMK NEGERI 1 SENTANI
SMP,2007,Mady,Norilsk,2011-09-04,Cam,469,949,606,SD NEGERI 1 SENTANI
PAKETB,2005,Carmencita,New Orleans,1999-06-11,Dennie,640,401,545,SMP NEGERI 2 SENTANI
PAKETA,2005,Brandise,Saskatoon,2007-09-05,Maisey,285,938,309,PAKETC
SMK,2020,Loree,Asmara,2008-11-11,Nerta,996,240,620,SD NEGERI 1 SENTANI
PAKETC,2022,Tracey,Willemstad,2000-02-14,Joelly,686,331,760,SMK NEGERI 1 SENTANI
PAKETB,2007,Allis,Manaus,2017-05-07,Andree,836,738,76,PAKETA
PAKETB,2012,Lanae,Taichung,2002-10-30,Berta,211,690,804,PAKETB
SMP,2020,Roxane,Ürümqi,2016-03-08,Brana,77,815,997,SD NEGERI 1 SENTANI
SD,2012,Katleen,Horta (Azores),2004-04-16,Viki,811,888,208,PAKETB
SMK,2014,Jan,Pattaya,2004-01-03,Arabel,577,940,819,SMP NEGERI 3 SENTANI
PAKETB,2001,Ekaterina,Taiyuan,2017-12-25,Alie,385,444,786,PAKETA
PAKETA,2012,Rhea,Brussels,2002-12-05,Roxane,466,344,839,SD NEGERI 1 SENTANI
SMK,2003,Steffane,Belize City,2013-07-20,Ottilie,803,311,846,SMP NEGERI 1 SENTANI
PAKETC,2004,Cyndie,Valparaíso,2004-10-06,Ida,379,587,942,PAKETC
SMP,2008,Mady,Multan,2010-01-09,Zia,14,993,771,SMP NEGERI 1 SENTANI
PAKETA,2019,Marsiella,Multan,2014-09-12,Annaliese,341,244,173,SMA NEGERI 3 SENTANI
PAKETC,2023,Andree,Zhengzhou,2015-06-23,Sabina,155,673,629,PAKETB
SMK,2020,Cacilie,Malabo,2010-11-11,Fawne,789,831,617,SMP NEGERI 2 SENTANI
PAKETA,2020,Concettina,Libreville,2002-06-26,Marsiella,997,109,380,SMP NEGERI 1 SENTANI
PAKETC,2004,Eugine,Valletta,2007-09-02,Lolita,881,441,115,SMP NEGERI 2 SENTANI
SMP,2006,Karina,Ndola,1998-04-17,Miquela,754,211,230,SD NEGERI 1 SENTANI
PAKETB,2007,Jessy,Chicago,2018-10-27,Nonnah,867,143,506,PAKETA
SMP,2022,Micheline,Lyon,2017-04-13,Moyna,443,238,914,SD NEGERI 1 SENTANI
PAKETA,2009,Mariann,Ilhéus,2015-10-08,Devina,59,287,576,PAKETC
PAKETB,2014,Bernardine,Forked River,2000-07-22,Diena,883,412,614,SMK NEGERI 1 SENTANI
SMP,2006,Carmencita,The Hague,2011-12-24,Johna,781,493,956,SMA NEGERI 2 SENTANI
PAKETA,2018,Oona,Sitka,2000-06-11,Roxane,637,423,799,SMP NEGERI 2 SENTANI
SD,2014,Aili,Minneapolis,2009-04-03,Shandie,252,148,468,SMP NEGERI 3 SENTANI
SMA,2003,Diena,Edinburgh,2013-08-21,Albertina,138,435,75,SMA NEGERI 3 SENTANI
SMK,2000,Meghann,Kuching,2009-05-09,Adelle,564,922,978,SMA NEGERI 2 SENTANI
SMP,2002,Kellen,Maseru,2019-10-10,Madalyn,515,6,248,SMP NEGERI 3 SENTANI
PAKETB,2011,Jobi,The Valley,2017-03-17,Paule,304,91,517,PAKETC
SMP,2023,Gale,Veracruz,2008-06-01,Linet,439,654,703,SMP NEGERI 3 SENTANI
PAKETA,2003,Vinita,Baku,2010-12-27,Frances,921,993,599,PAKETB
SD,2013,Donnie,San Salvador,2002-06-22,Inga,383,32,298,SMA NEGERI 3 SENTANI
SMA,2019,Mildrid,Vladivostok,2009-09-10,Phedra,190,639,195,SMA NEGERI 2 SENTANI
SMK,2023,Gilligan,Colombo,2017-03-09,Sidoney,990,504,431,PAKETB
SMA,2021,Lindie,Pune,1999-11-12,Cathyleen,410,662,536,SMA NEGERI 3 SENTANI
SD,2017,Chandra,Houston,2007-09-02,Tera,60,761,142,PAKETB
PAKETA,2020,Sharlene,Lubumbashi,2005-06-29,Corly,562,100,807,PAKETB
PAKETB,2003,Mureil,Nanning,2005-01-14,Suzette,882,267,427,PAKETC
SD,2012,Adele,Denver,2008-12-30,Carolina,242,494,48,SD NEGERI 1 SENTANI
PAKETB,2010,Doralynne,Gangtok,2001-01-20,Belva,281,130,514,SMP NEGERI 1 SENTANI
SMA,2017,Magdalena,Amritsar,2003-01-07,Sidoney,518,5,562,PAKETB
SD,2011,Chastity,Tel Aviv,2015-12-02,Lonnie,797,514,354,SMP NEGERI 1 SENTANI
PAKETC,2006,Judy,Arequipa,2001-11-23,Aubrie,512,633,586,SMP NEGERI 3 SENTANI
SMP,2023,Lelah,Shanghai,1999-05-26,Melodie,823,416,708,SMA NEGERI 2 SENTANI
SMP,2014,Paulita,Ciudad del Este,2007-03-30,Gerrie,23,988,381,SMA NEGERI 2 SENTANI
SMA,2011,Sheelagh,Managua,2019-08-15,Viki,814,583,15,SMP NEGERI 1 SENTANI
SMA,2002,Berget,Tórshavn,2013-03-21,Clo,352,578,832,SMA NEGERI 3 SENTANI
SMA,2022,Arlena,Libreville,2002-12-02,Barbi,252,409,463,SMA NEGERI 2 SENTANI
PAKETB,2008,Sharlene,New Delhi,2011-01-16,Dari,721,845,875,SD NEGERI 1 SENTANI
SMK,2023,Jsandye,Bogor,2014-01-03,Imojean,438,217,317,SMP NEGERI 1 SENTANI
PAKETB,2016,Julieta,St. George's,2007-10-06,Pamella,992,840,576,PAKETC
SMK,2016,Raina,Antananarivo,2004-05-29,Joy,180,519,572,SD NEGERI 1 SENTANI
SMA,2009,Gavrielle,Kanpur,2001-09-23,Lolita,371,591,53,SMP NEGERI 2 SENTANI
SMP,2005,Briney,Minneapolis,2010-01-13,Christian,64,31,778,SMA NEGERI 2 SENTANI
SMK,2004,Hollie,Nukulaelae,2006-09-23,Caritta,382,712,614,SMA NEGERI 3 SENTANI
SD,2020,Fredericka,Port Elizabeth,2008-07-06,Therine,389,966,773,PAKETA
SD,2005,Lanna,Dallas,1998-04-12,Paule,96,692,911,SMK NEGERI 1 SENTANI
SMK,2023,Fredericka,Santa Cruz de Tenerife,2005-12-18,Ida,397,732,888,PAKETB
PAKETC,2019,Lory,Adana,2016-07-10,Hildegaard,196,201,879,SMP NEGERI 2 SENTANI
PAKETB,2013,Anthia,Kandahar,2014-06-02,Catharine,489,962,29,SMK NEGERI 1 SENTANI
PAKETC,2015,Lulita,Suva,2009-09-11,Sindee,586,121,154,PAKETB
PAKETC,2001,Arlena,Sabha,2003-06-02,Kayla,668,827,607,PAKETA
SMK,2009,June,Palma,2015-10-28,Gusty,736,16,438,SMP NEGERI 3 SENTANI
PAKETC,2022,Gianina,Guayaquil,2017-08-20,Jany,323,756,229,SMA NEGERI 3 SENTANI
SD,2016,Donnie,Valencia,2002-11-13,Ilse,664,262,463,PAKETA
PAKETC,2005,Joelly,Quezon City,2001-12-15,Netty,211,70,964,SMP NEGERI 2 SENTANI
SMA,2008,Sabina,Ulan Bator,2009-08-27,Noelle,121,658,782,SD NEGERI 1 SENTANI
SD,2012,Marika,Vienna,1999-12-10,Correy,874,739,779,SMA NEGERI 2 SENTANI
SD,2004,Chandra,Sri Jayawardenapura-Kotte,2005-02-11,Mureil,528,856,685,PAKETC
SMP,2002,Tera,Batticaloa,2017-06-12,Kaja,952,759,633,PAKETA
PAKETC,2004,Ethel,Port Louis,2016-12-25,Chandra,992,486,472,SMP NEGERI 3 SENTANI
PAKETA,2015,Elmira,Berlin,2011-12-19,Feliza,31,256,828,SMP NEGERI 2 SENTANI
PAKETB,2003,Kellen,Basse-Terre,2006-04-23,Mellicent,608,177,272,SMP NEGERI 1 SENTANI
PAKETA,2017,Brooks,Cologne,2016-04-20,Kristina,629,616,282,SD NEGERI 1 SENTANI
SD,2005,Lizzie,Daegu,2007-01-27,Lorie,921,919,611,PAKETB
PAKETA,2003,Helena,Geelong,1998-07-18,Keelia,870,842,205,SMP NEGERI 1 SENTANI
SMK,2009,Noelle,Reykjavík,2015-02-25,Audrie,700,61,720,SMK NEGERI 1 SENTANI
SMP,2006,Jaime,Bogotá,2014-10-29,Valeda,392,451,255,SMK NEGERI 1 SENTANI
SMP,2015,Hallie,Algiers,2013-04-13,Camile,308,202,310,SMA NEGERI 3 SENTANI
SMK,2012,Cherilyn,Padang,2004-02-03,Mildrid,871,661,871,SMA NEGERI 3 SENTANI
SMK,2002,Stevana,Ouagadougou,2000-11-22,Johna,273,139,309,PAKETC
SD,2012,Priscilla,Tashkent,2001-03-15,Trixi,312,813,183,SMP NEGERI 3 SENTANI
SMK,2010,Tina,Porto,1998-03-26,Roberta,576,132,629,PAKETA
SD,2000,Yvonne,Xining,2003-03-16,Arabel,83,423,559,PAKETB
PAKETC,2011,Starla,El Paso,2013-04-06,Jessy,858,987,754,PAKETA
SMA,2015,Rubie,Oklahoma City,2010-10-24,Jaclyn,353,801,457,SMP NEGERI 2 SENTANI
SMA,2011,Ethel,Suez,2005-01-13,Damaris,521,283,63,SD NEGERI 1 SENTANI
SMP,2003,Marguerite,Nice,2008-12-25,Therine,813,556,646,PAKETB
PAKETA,2009,Feliza,Lomé,2008-12-18,Shannah,604,858,33,SMP NEGERI 1 SENTANI
PAKETA,2018,Belinda,Saint John,2010-03-16,Cam,53,786,612,SD NEGERI 1 SENTANI
SMA,2007,Sindee,Tegucigalpa,2016-09-18,Linzy,833,140,518,SMP NEGERI 3 SENTANI
PAKETB,2014,Andree,Shenzhen,2013-06-13,Antonietta,25,245,927,SMK NEGERI 1 SENTANI
PAKETA,2003,Shaylyn,Batticaloa,2002-05-03,Arlina,276,136,399,SMA NEGERI 3 SENTANI
SMA,2012,Lacie,N'Djamena,2011-03-17,Sheree,204,231,391,SMA NEGERI 3 SENTANI
SMP,2018,Anallese,Lucknow,1998-12-28,Devina,587,99,992,SMP NEGERI 3 SENTANI
SMA,2015,Merrie,Berlin,2003-02-21,Raquela,590,714,384,PAKETC
PAKETC,2008,Gabi,Puebla,2015-11-26,Ardenia,33,76,153,SMP NEGERI 1 SENTANI
PAKETC,2007,Ilse,South Tarawa,2015-07-23,Aryn,422,845,77,SMP NEGERI 2 SENTANI
SMK,2021,Nickie,Wellington,1999-01-08,Donnie,145,285,121,SMP NEGERI 2 SENTANI
SD,2009,Pollyanna,Papeete,2011-02-24,Tierney,323,497,65,SMA NEGERI 2 SENTANI
PAKETA,2015,Mireielle,Kuwait City,2019-04-07,Blondelle,466,202,246,SD NEGERI 1 SENTANI
PAKETC,2019,Eolanda,St. John's,2002-06-08,Ericka,143,655,895,SMP NEGERI 2 SENTANI
SMP,2019,Ileana,Miami,2003-07-27,Kara-Lynn,954,274,544,SMA NEGERI 2 SENTANI
SMP,2016,Marti,Asmara,2003-06-13,Genevra,357,507,596,SMP NEGERI 2 SENTANI
SMK,2004,Harmonia,Kaesong,2000-12-24,Britte,809,195,436,SMP NEGERI 3 SENTANI
PAKETA,2013,Lorne,Vladivostok,2004-05-02,Hermione,800,978,999,SMP NEGERI 1 SENTANI
SMK,2012,Tybie,Miri,2012-06-05,Aimil,363,168,200,SMP NEGERI 2 SENTANI
PAKETC,2006,Jobi,Hamilton,2000-01-29,Orsola,658,28,15,PAKETC
SMA,2020,Carmencita,Kuwait City,2008-09-24,Sallie,922,146,19,SMP NEGERI 2 SENTANI
PAKETA,2008,Violet,Barranquilla,2010-04-03,Feliza,504,934,468,SMP NEGERI 3 SENTANI
SMK,2004,Merci,Cuiabá,2019-12-22,Winny,949,561,664,PAKETA
SMK,2002,Dianemarie,Mendoza,2004-02-07,Olivette,418,872,27,SD NEGERI 1 SENTANI
SD,2001,Ekaterina,Innsbruck,1998-01-05,Dotty,482,474,143,PAKETA
SMP,2012,Leanna,Kraków,2015-05-26,Brana,278,740,644,SMP NEGERI 3 SENTANI
SMA,2023,Ellette,Campo Grande,2000-05-04,Rosabelle,270,578,657,SD NEGERI 1 SENTANI
PAKETC,2016,Paola,Alexandria,2005-07-06,Mildrid,604,546,726,SD NEGERI 1 SENTANI
PAKETA,2002,Aubrie,Port-au-Prince,2014-02-19,Celene,463,74,279,SD NEGERI 1 SENTANI
SMP,2019,Sindee,Adana,2008-10-19,Gabriellia,240,457,221,SD NEGERI 1 SENTANI
SD,2004,Mariele,Porto Alegre,2014-12-04,Rebeca,500,924,862,SMP NEGERI 3 SENTANI
SMP,2007,Susette,Patna,2013-07-29,Vere,306,173,404,SMK NEGERI 1 SENTANI
PAKETA,2013,Edee,Rome,2006-02-18,Judy,299,839,323,SMP NEGERI 2 SENTANI
SMP,2005,Coral,Valencia,1998-07-04,Vinita,785,892,46,SMK NEGERI 1 SENTANI
SMP,2017,Britte,Samara,2006-12-14,Damaris,763,361,166,SMA NEGERI 3 SENTANI
SMK,2022,Gabriellia,Livingstone,1998-06-08,Barbara,440,550,814,SMA NEGERI 3 SENTANI
PAKETB,2012,Kerrin,Christchurch,2019-11-25,Sashenka,916,591,666,SMP NEGERI 2 SENTANI
SMP,2015,Dulce,Ashgabat,2015-01-08,Teddie,111,983,325,PAKETA
SMK,2021,Fanny,Surat,2001-07-12,Lulita,631,76,555,SMP NEGERI 1 SENTANI
SMK,2009,Odessa,Ibiza,2012-08-24,Chandra,44,896,801,SMA NEGERI 2 SENTANI
SMA,2003,Willetta,Budapest,2016-06-03,Alexine,288,848,500,SMA NEGERI 3 SENTANI
PAKETB,2011,Ottilie,Cebu City,2007-05-06,Dione,961,985,545,SD NEGERI 1 SENTANI
SMK,2015,Beth,Nanjing,2013-07-31,Katleen,596,665,10,SMP NEGERI 1 SENTANI
SMK,2004,Ketti,Kandahar,1999-03-31,Carree,150,40,43,SMK NEGERI 1 SENTANI
PAKETC,2009,Kristina,Lhasa,1999-08-11,Maisey,45,620,287,SD NEGERI 1 SENTANI
SD,2017,Mariele,Cairo,2017-02-09,Kara-Lynn,487,298,85,SMP NEGERI 1 SENTANI
PAKETA,2019,Ana,Graz,2001-01-19,Karena,94,922,3,SMP NEGERI 1 SENTANI
PAKETA,2010,Max,Luanda,2009-08-30,Lila,834,20,191,PAKETB
PAKETC,2017,Melanie,Memphis,2006-12-12,Coral,243,346,261,SD NEGERI 1 SENTANI
SMA,2004,Fernande,The Hague,2014-08-15,Binny,200,95,904,SMP NEGERI 1 SENTANI
SMA,2008,Daphne,Luxor,1998-08-19,Sue,568,281,836,SMK NEGERI 1 SENTANI
SMA,2008,Valera,Leipzig,2007-02-05,Sophia,680,67,725,SMK NEGERI 1 SENTANI
PAKETB,2020,Winifred,Managua,2016-01-26,Janeczka,465,920,981,SMP NEGERI 3 SENTANI
SMK,2012,Janis,Port of Spain,2008-10-27,Nadine,462,157,809,SMP NEGERI 3 SENTANI
PAKETC,2002,Dale,Chongqing,2017-07-25,Rori,928,104,734,PAKETC
SMA,2014,Violet,Nicosia,2011-11-28,Mallory,408,213,551,SMA NEGERI 3 SENTANI
SD,2012,Genovera,Nantes,2011-06-04,Sandie,190,794,449,PAKETC
SD,2019,Penelopa,Santiago de Cuba,2015-07-23,Elena,913,192,110,PAKETA
SMA,2020,Letizia,Manila,2016-07-06,Gilda,674,801,623,SMP NEGERI 2 SENTANI
PAKETB,2011,Elyssa,Linz,2004-03-31,Malina,93,332,962,SMA NEGERI 2 SENTANI
PAKETC,2018,Darci,Liverpool,2018-08-31,Jere,975,828,409,SMP NEGERI 1 SENTANI
SMP,2012,Damaris,Zanzibar City,2009-05-04,Corry,251,243,175,PAKETC
SMA,2021,Caressa,Dalian,1999-12-15,Nariko,979,967,226,SMA NEGERI 3 SENTANI
PAKETB,2007,Pierette,London,1998-03-04,Maud,730,110,7,SMP NEGERI 2 SENTANI
SD,2002,Bibby,Magadan,2007-07-07,Daphne,176,556,265,SMA NEGERI 3 SENTANI
PAKETB,2015,Flory,Canberra,2000-01-03,Georgina,312,33,459,PAKETC
SMP,2007,Penelopa,Karachi,2016-09-06,Genevra,901,838,913,PAKETC
PAKETB,2008,Annecorinne,Havana,2005-12-18,Sherrie,92,841,389,SMA NEGERI 2 SENTANI
PAKETC,2021,Lusa,Hamburg,2010-09-27,Chastity,541,925,354,SMP NEGERI 1 SENTANI
PAKETA,2009,Melina,Angra do Heroísmo,2009-05-17,Libbie,671,82,475,SMP NEGERI 1 SENTANI
SMK,2007,Libbie,Kiev,2005-02-11,Adelle,583,7,426,PAKETA
PAKETB,2004,Deedee,Pretoria,2004-05-21,Liana,882,783,960,SMP NEGERI 3 SENTANI
SMP,2000,Stacey,Dhaka,2007-07-14,Theodora,106,670,728,SMK NEGERI 1 SENTANI
PAKETC,2019,Olwen,Malacca Town,2019-09-09,Cassondra,448,504,214,SMP NEGERI 3 SENTANI
PAKETC,2005,Maud,Boston,2017-05-26,Shirlee,997,404,157,SD NEGERI 1 SENTANI
SMK,2017,Camile,Harbin,2012-11-21,Desirae,633,415,659,SMK NEGERI 1 SENTANI
PAKETA,2005,Kalina,São Tomé,2002-02-15,Sabina,389,518,943,PAKETB
SMA,2011,Goldie,Ilhéus,2001-01-01,Tomasina,214,996,658,SMP NEGERI 2 SENTANI
PAKETC,2005,Cyndie,Gaborone,2014-03-13,Brooks,30,424,308,PAKETB
PAKETB,2021,Jere,South Tarawa,2000-11-09,Stephanie,322,996,754,SMP NEGERI 2 SENTANI
PAKETB,2021,Ursulina,Luxor,2008-12-21,Riannon,216,319,411,SMP NEGERI 2 SENTANI
SD,2017,Ermengarde,Porto,2006-02-27,Max,657,271,118,SMP NEGERI 2 SENTANI
PAKETA,2005,Bernardine,Athens,2014-11-20,Aeriela,785,586,367,SMA NEGERI 2 SENTANI
PAKETA,2017,Maridel,Baku,2013-05-14,Reeba,14,941,472,SMK NEGERI 1 SENTANI
PAKETA,2015,Lorie,Lubumbashi,2005-11-19,Stevana,152,335,223,SMK NEGERI 1 SENTANI
SMA,2002,Edee,Boston,2017-07-13,Laure,189,126,805,SMP NEGERI 2 SENTANI
PAKETA,2009,Rochette,Atlanta,2001-08-24,Gisela,735,517,766,SMA NEGERI 2 SENTANI
SMK,2015,Cathyleen,Douglas,2012-07-30,Ivett,29,29,449,SMP NEGERI 1 SENTANI
SMA,2004,Lindie,Saint-Denis,2017-01-09,Randa,640,964,405,SMA NEGERI 3 SENTANI
SMA,2013,Zaria,Douala,2013-03-08,Nita,263,668,554,PAKETC
PAKETB,2001,Janeczka,Rome,2001-02-17,Dione,463,917,78,SMK NEGERI 1 SENTANI
SMA,2004,Codie,Jerusalem,2011-08-30,Marjie,195,69,340,SMP NEGERI 2 SENTANI
PAKETB,2004,Rivalee,Wonsan,1999-01-13,Judy,401,100,164,SMP NEGERI 3 SENTANI
SMK,2000,Orelia,Los Angeles,2009-02-19,Marleah,660,852,188,PAKETC
PAKETA,2014,Fanny,Chişinău,2004-08-26,Ulrike,140,860,715,SMA NEGERI 2 SENTANI
SMK,2001,Edyth,Geelong,2007-08-08,Carmencita,873,872,59,SMP NEGERI 1 SENTANI
SMP,2011,Raf,Gangtok,2016-03-10,Jany,643,121,947,SMA NEGERI 2 SENTANI
PAKETC,2010,Valera,South Tarawa,2019-06-29,Cathyleen,170,770,529,SMK NEGERI 1 SENTANI
PAKETB,2013,Cam,Kobe,2005-02-13,Selma,421,103,653,PAKETB
SMK,2005,Jenilee,Albuquerque,2016-10-26,Adore,840,844,862,PAKETB
PAKETB,2009,Trudie,Cardiff,2004-11-17,Sheree,631,141,978,PAKETB
SMP,2009,Sybille,Vladivostok,2008-02-20,Cristabel,721,754,562,PAKETC
SMP,2023,Fanchon,Mashhad,1998-12-20,Lindie,396,381,494,SMP NEGERI 1 SENTANI
PAKETA,2005,Desirae,Macau,2008-05-01,Betta,364,927,191,PAKETA
SD,2000,Blondelle,Kandahar,2000-12-25,Ira,935,132,927,PAKETC
PAKETA,2010,Tracey,Alexandria,2010-01-25,Dode,151,154,741,PAKETA
PAKETC,2008,Dari,Thimphu,2005-06-09,Merle,563,22,449,PAKETC
PAKETC,2022,Layla,Mexico City,2009-08-07,Tani,184,171,829,SD NEGERI 1 SENTANI
SMK,2020,Nicoli,Astana,2004-06-03,Bettine,391,163,926,SMK NEGERI 1 SENTANI
SMP,2022,Sidoney,La Paz,2004-07-01,Deane,107,9,347,SMK NEGERI 1 SENTANI
PAKETC,2007,Nerta,Gangtok,2015-12-06,Alyssa,547,539,108,SMK NEGERI 1 SENTANI
SD,2019,Joleen,Philadelphia,2000-07-28,Damaris,982,623,928,SMP NEGERI 3 SENTANI
PAKETC,2005,Britte,Riga,2002-09-08,Meghann,645,532,520,SMP NEGERI 1 SENTANI
PAKETC,2002,Shell,La Paz,2015-04-11,Camile,60,744,206,PAKETC
PAKETA,2012,Alex,Indianapolis,2011-09-29,Layla,313,624,540,PAKETC
PAKETC,2000,Wilma,La Paz,2019-10-17,Janis,987,173,608,SMP NEGERI 1 SENTANI
SD,2016,Correy,Naples,2015-01-15,Perry,794,579,319,PAKETA
PAKETB,2005,Merry,Luxor,2006-11-14,Helena,544,560,161,PAKETB
SMP,2013,Dennie,Miami,2005-02-18,Marika,176,591,829,PAKETA
SMP,2012,Donetta,Tampere,2002-05-25,Sheree,356,840,859,SMA NEGERI 2 SENTANI
SMP,2019,Kalina,Winnipeg,2007-12-29,Jaime,609,976,144,SMP NEGERI 1 SENTANI
PAKETB,2007,Lauryn,Bucharest,1998-09-15,Chrystel,557,241,816,SD NEGERI 1 SENTANI
PAKETA,2006,Sam,Guwahati,2003-05-04,Max,100,865,998,SMA NEGERI 3 SENTANI
PAKETA,2022,Cacilie,Lviv,2005-06-23,Kirstin,956,644,885,SMP NEGERI 3 SENTANI
PAKETB,2003,Glenda,Edmonton,2009-03-23,Loree,106,568,414,PAKETC
SD,2004,Tatiania,Nantes,2003-01-17,Melodie,872,796,972,PAKETB
PAKETB,2002,Marleah,Namangan,2015-10-10,Elmira,15,587,245,SMA NEGERI 2 SENTANI
PAKETC,2023,Caressa,Chaguanas,2007-05-18,Lanna,44,655,180,SMP NEGERI 1 SENTANI
PAKETC,2001,Sophia,Kanpur,2013-06-13,Randa,874,881,5,PAKETA
PAKETC,2012,Chere,Ibadan,2005-10-18,Iseabal,783,668,280,SMA NEGERI 2 SENTANI
PAKETC,2006,Meghann,Vancouver,2018-02-05,Marguerite,978,912,231,SD NEGERI 1 SENTANI
SMP,2008,Maye,Riga,2002-05-11,Penelopa,472,347,617,SMP NEGERI 3 SENTANI
PAKETC,2021,Tiffie,Nairobi,2011-07-28,Jean,353,782,793,PAKETB
SMP,2006,Farrah,New Delhi,2008-09-16,Glynnis,513,562,744,SMK NEGERI 1 SENTANI
SD,2002,Lauryn,Mashhad,2007-06-18,Agnese,142,581,864,PAKETB
SMP,2012,Julieta,Makati City,2016-04-28,Desirae,410,409,23,SD NEGERI 1 SENTANI
SMK,2008,Leia,Vitória,1999-11-07,Sonni,224,153,219,SMA NEGERI 3 SENTANI
PAKETA,2017,Trudie,Mwanza,2003-01-01,Aurelie,761,794,867,SMP NEGERI 3 SENTANI
PAKETA,2022,Leia,Baltimore,2001-10-11,Joeann,386,310,189,SMP NEGERI 2 SENTANI
PAKETC,2019,Agnese,Rio Branco,2018-04-05,Theodora,587,541,875,SMK NEGERI 1 SENTANI
PAKETA,2015,Edee,Seville,2012-11-30,Arlena,3,303,599,SMP NEGERI 3 SENTANI
PAKETA,2014,Darlleen,Manchester,2005-10-21,Charmaine,981,254,940,SMA NEGERI 2 SENTANI
PAKETB,2010,Bibby,San Fernando,2001-08-16,Dominga,265,603,969,SD NEGERI 1 SENTANI
SMK,2013,Sam,Papeete,2009-08-24,Latisha,743,439,848,PAKETB
SD,2001,Cissiee,Guayaquil,2012-02-12,Ruthe,133,228,353,SMP NEGERI 1 SENTANI
SD,2020,Alia,Kansas City,2010-06-26,Adriana,709,635,752,SMA NEGERI 3 SENTANI
PAKETA,2021,Phylis,Split (city),1999-10-23,Robbi,824,867,995,SD NEGERI 1 SENTANI
PAKETB,2002,Ira,Labasa,2004-09-10,Catharine,757,191,849,SMK NEGERI 1 SENTANI
SMA,2013,Roslyn,Nouakchott,2003-07-30,Minda,56,854,632,SMP NEGERI 1 SENTANI
SMP,2004,Mellicent,San Francisco,2006-08-25,Mariele,397,235,501,PAKETB
SMK,2016,Hettie,Vientiane,1999-03-06,Helsa,894,982,703,SMA NEGERI 2 SENTANI
SD,2000,Harmonia,Willemstad,2014-06-11,Annaliese,725,986,659,SMP NEGERI 1 SENTANI
PAKETC,2021,Renae,Port-au-Prince,2014-08-18,Tani,585,41,494,SMK NEGERI 1 SENTANI
SD,2013,Fayre,Ibadan,2003-01-25,Marcelline,81,715,737,SMP NEGERI 2 SENTANI
SD,2023,Dennie,Hat Yai,2016-04-08,Elise,849,313,42,SMK NEGERI 1 SENTANI
PAKETB,2002,Tomasina,Port Elizabeth,2001-04-18,Joleen,203,926,301,PAKETC
PAKETA,2009,Angela,Saint-Denis,2010-07-01,Jennica,610,266,429,SMA NEGERI 3 SENTANI
PAKETB,2003,Amii,Doha,2017-04-25,Orsola,112,45,447,SMK NEGERI 1 SENTANI
PAKETA,2012,Theodora,Luxor,2000-04-17,Babita,334,693,596,SD NEGERI 1 SENTANI
PAKETA,2003,Sybille,Luxembourg (city),1999-08-05,Gwenneth,453,243,651,SMK NEGERI 1 SENTANI
PAKETB,2000,Lynnea,Reykjavík,2007-08-23,Betta,370,734,744,SMP NEGERI 3 SENTANI
PAKETC,2021,Ana,Taichung,2016-03-11,Cyndie,15,197,465,PAKETB
SMP,2015,Estell,Perm,2019-09-15,Wanda,860,213,915,SMA NEGERI 3 SENTANI
PAKETB,2017,Celisse,Bucharest,2006-10-20,Chrystel,871,95,342,PAKETC
SMP,2016,Gratia,San Francisco,2015-11-16,Augustine,891,655,811,PAKETC
PAKETA,2013,Candi,Seville,2012-04-26,Patricia,44,913,121,SD NEGERI 1 SENTANI
PAKETC,2020,Ivett,Perm,2001-04-29,Loree,92,264,412,SMK NEGERI 1 SENTANI
SMA,2009,Michaelina,Tel Aviv,2000-11-17,Tierney,750,696,383,PAKETC
SMK,2004,Nessie,Makati City,2011-10-04,Gertrud,727,252,835,SMA NEGERI 2 SENTANI
PAKETB,2009,Clo,Johannesburg,1998-08-03,Sashenka,643,22,705,PAKETB
SMA,2002,Ermengarde,Dunedin,2014-03-14,Adore,353,135,896,SMP NEGERI 1 SENTANI
SD,2021,Dorice,Linz,2006-09-04,Caryl,819,273,50,SMA NEGERI 2 SENTANI
SD,2011,Mireielle,Marrakech,2013-09-13,Annaliese,287,161,424,PAKETC
SMA,2000,Mady,Riverside,2010-05-28,Therine,180,360,509,SMP NEGERI 1 SENTANI
SD,2004,Violet,Mamoudzou,2014-03-09,Karina,838,756,807,PAKETA
SD,2023,Frank,Medina,2010-10-30,Lisette,15,847,981,SMA NEGERI 3 SENTANI
PAKETB,2003,Kerrin,Makassar,2000-10-27,Trudie,992,952,831,SMP NEGERI 2 SENTANI
SD,2017,Augustine,Abu Dhabi,2002-01-27,Ida,425,945,364,SMP NEGERI 2 SENTANI
SMA,2006,Taffy,Zürich,2002-10-07,Lita,219,856,189,SMP NEGERI 3 SENTANI
PAKETB,2009,Nelle,Rosario,2004-12-31,Miquela,293,761,516,SMK NEGERI 1 SENTANI
PAKETA,2001,Glenda,Omsk,2003-08-11,Joleen,892,365,403,SMA NEGERI 2 SENTANI
SMP,2016,Doro,Amsterdam,2003-06-26,Marita,539,794,227,PAKETC
SD,2009,Caressa,Belmopan,2004-05-19,Kara-Lynn,260,994,264,PAKETA
PAKETB,2021,Phedra,Sukhumi,2001-04-11,Julieta,637,304,773,PAKETC
PAKETB,2014,Monika,Turin,2004-08-16,Cathie,535,377,474,SMA NEGERI 2 SENTANI
PAKETB,2009,Marjie,Manila,2010-12-25,Minda,2,812,240,PAKETA
PAKETA,2002,Viviene,St. Louis,2008-08-01,Cathie,655,169,334,SMP NEGERI 3 SENTANI
PAKETB,2009,Quintina,Mecca,2003-04-22,Codie,400,863,326,SMA NEGERI 3 SENTANI
SMA,2016,Lelah,Vladivostok,2013-08-16,Jacenta,351,73,14,SMP NEGERI 2 SENTANI
SMA,2000,Suzette,Yangon,2006-10-22,Brandise,580,384,299,SMK NEGERI 1 SENTANI
PAKETC,2011,Danika,Chaguanas,2003-02-19,Jacenta,350,784,566,PAKETB
PAKETB,2000,Delilah,Arequipa,2017-07-01,Laure,950,225,349,PAKETC
PAKETC,2002,Minda,Bergen,2009-12-05,Jackie,381,680,266,SMK NEGERI 1 SENTANI
PAKETB,2016,Winny,Kanpur,2011-12-23,Wilma,729,8,240,SMA NEGERI 3 SENTANI
SMA,2022,Dianemarie,Gaborone,2011-11-07,Joeann,967,933,723,SMP NEGERI 3 SENTANI
PAKETC,2008,Ilse,Albuquerque,2017-07-03,Kara-Lynn,695,362,480,SMP NEGERI 3 SENTANI
SD,2001,Gusella,South Tarawa,2013-03-24,Hildegaard,820,46,569,SMK NEGERI 1 SENTANI
SMA,2002,Genovera,Calgary,2015-07-13,Libbie,200,418,145,SMP NEGERI 1 SENTANI
SD,2018,Brandise,Nashville,2005-02-20,Cacilie,439,555,424,SMA NEGERI 2 SENTANI
PAKETA,2011,Ursulina,Nantes,2007-07-04,Gale,741,553,531,SMA NEGERI 3 SENTANI
PAKETC,2021,Wilma,Kuwait City,2012-07-31,Raquela,138,331,543,SMA NEGERI 3 SENTANI
SMP,2019,Korrie,Gold Coast,2001-03-30,Sue,475,362,943,SMP NEGERI 2 SENTANI
SMA,2016,Susan,Canberra,2010-04-07,Sashenka,106,841,245,PAKETB
SD,2012,Evita,Valletta,2017-07-12,Brynna,438,17,453,PAKETA
SMA,2022,Dulcinea,Hyderabad,2010-11-14,Lorie,491,829,847,PAKETC
PAKETB,2014,Adore,Peshawar,1999-11-01,Jsandye,748,501,831,SMA NEGERI 3 SENTANI
SD,2002,Gisela,Yokohama,2013-09-06,Frieda,568,296,113,SMP NEGERI 3 SENTANI
SMA,2009,Cam,Melbourne,2000-03-19,Bee,931,629,366,PAKETC
SMK,2012,Tilly,Los Angeles,2011-07-27,Elie,870,573,536,SMP NEGERI 3 SENTANI
SD,2018,Addia,Maputo,2010-03-16,Dagmar,308,876,987,SMP NEGERI 1 SENTANI
SMA,2017,Lory,Novosibirsk,2008-09-26,Frank,690,194,928,SMP NEGERI 2 SENTANI
SMK,2005,Mathilda,Brikama,2018-12-27,Tera,48,699,417,SMA NEGERI 3 SENTANI
PAKETC,2005,Ariela,Cusco,2012-10-10,Lulita,82,716,333,SMK NEGERI 1 SENTANI
SMA,2004,Lesly,Shenyang,2001-02-18,Wynne,75,93,95,SMP NEGERI 1 SENTANI
PAKETA,2013,Layla,Lucknow,2014-07-14,Wynne,887,570,715,PAKETA
PAKETC,2016,Dede,Ottawa,1999-02-28,Linzy,544,69,784,SMP NEGERI 3 SENTANI
SMA,2018,Jenilee,Santiago de Cuba,2015-02-01,Emmey,295,756,321,SMK NEGERI 1 SENTANI
PAKETC,2007,Dorice,Honolulu,2004-06-28,Lily,289,702,471,SMK NEGERI 1 SENTANI
SMP,2004,Sindee,Da Nang,2008-07-23,Glenda,416,454,508,SMP NEGERI 1 SENTANI
SD,2016,Briney,Kandahar,2011-04-11,Lacie,747,349,778,SMK NEGERI 1 SENTANI
SMP,2011,Minne,Sapporo,2005-05-06,Ayn,605,87,394,SMP NEGERI 3 SENTANI
PAKETB,2008,Gloria,Ahmedabad,2004-08-12,Cristine,274,747,362,PAKETC
SMA,2015,Ada,Montevideo,2019-11-28,Rosabelle,398,397,453,SMP NEGERI 1 SENTANI
SD,2012,Diena,Abu Dhabi,2017-04-14,Hermione,734,785,711,SMP NEGERI 3 SENTANI
SMK,2019,Ayn,Semarang,2016-05-14,Kara-Lynn,589,715,504,SMA NEGERI 2 SENTANI
PAKETC,2004,Sara-Ann,Dunedin,2011-02-04,Flo,501,5,5,SMP NEGERI 3 SENTANI
SMK,2001,Ninnetta,Tashkent,2004-01-18,Roz,96,581,163,PAKETB
SMA,2016,Celisse,Port of Spain,2016-06-17,Gertrud,419,178,786,SMA NEGERI 3 SENTANI
PAKETA,2022,Trudie,Srinagar,2007-07-05,Pollyanna,169,477,902,SMA NEGERI 3 SENTANI
PAKETC,2017,Eve,Porto Velho,2009-10-01,Albertina,365,31,526,SMK NEGERI 1 SENTANI
PAKETB,2008,Adriana,Bilbao,2017-10-30,Clementine,206,570,995,SMP NEGERI 2 SENTANI
PAKETA,2014,Kerrin,Gaza,2004-07-22,Kate,467,779,359,SMP NEGERI 2 SENTANI
PAKETA,2011,Hyacinthe,Punta Arenas,2017-02-20,Jeanna,589,148,36,SMA NEGERI 3 SENTANI
PAKETC,2001,Jasmina,Santa Cruz de la Sierra,2005-09-12,Mariann,848,22,97,SMP NEGERI 1 SENTANI
SMK,2019,Orelia,Podgorica,2007-07-25,Janeczka,521,432,856,SD NEGERI 1 SENTANI
SMK,2003,Amara,Porto Alegre,2011-09-17,Ricky,684,395,468,PAKETC
SD,2003,Gianina,Alexandria,1998-03-24,Marinna,807,695,322,SMK NEGERI 1 SENTANI
SMA,2019,Laure,Ulan Bator,2019-05-20,Valera,389,242,463,SMA NEGERI 3 SENTANI
SMA,2018,Ada,Kharkiv,2011-04-26,Randa,772,449,388,PAKETC
PAKETB,2004,Charissa,Saipan,2019-06-09,Binny,545,383,93,SMA NEGERI 2 SENTANI
PAKETB,2016,Lacie,Munich,2011-02-02,Lolita,117,752,59,PAKETA
SD,2008,Nariko,Vilnius,2008-07-23,Clarice,621,752,452,SMK NEGERI 1 SENTANI
SMP,2011,Inga,Port Blair,2006-05-31,Regina,709,943,364,SMP NEGERI 1 SENTANI
PAKETB,2010,Mildrid,Guangzhou,2014-03-16,Corly,715,741,805,PAKETC
PAKETB,2016,Ketti,Leipzig,2018-05-19,Tami,823,620,171,SMP NEGERI 3 SENTANI
PAKETB,2002,Angela,Kolkata,2001-03-19,Alleen,101,92,140,SMP NEGERI 2 SENTANI
PAKETA,2005,Lyssa,Wollongong,2007-11-24,Ethel,144,286,598,PAKETC
SMP,2005,Lucy,Tunis,2005-12-19,Olivette,667,131,314,SMP NEGERI 2 SENTANI
PAKETB,2007,Adele,Mecca,2018-01-31,Aurelie,603,722,357,SMA NEGERI 3 SENTANI
SMP,2014,Chandra,Mandurah,2008-08-22,Lila,154,231,740,SMK NEGERI 1 SENTANI
PAKETA,2013,Moyna,Hamburg,2019-06-15,Tilly,232,463,652,PAKETA
SMP,2013,Jessamyn,Hobart,2005-04-12,Bettine,534,692,814,SMA NEGERI 2 SENTANI
SMK,2012,Gisela,Guwahati,2011-09-28,Veda,869,466,114,SMP NEGERI 2 SENTANI
SD,2009,Fred,Toronto,2014-05-09,Monika,549,827,594,SMP NEGERI 1 SENTANI
SMA,2019,Sonni,Kanpur,2015-11-21,Justinn,619,142,384,SMA NEGERI 2 SENTANI
SMA,2023,Ursulina,Phoenix,2003-06-16,Corry,881,242,529,PAKETA
PAKETA,2009,Dennie,Xining,2004-12-03,Nerta,680,571,78,PAKETC
SMK,2016,Gilligan,Baghdad,2009-05-03,Sabina,358,813,907,SMP NEGERI 2 SENTANI
PAKETC,2015,Kerrin,Algiers,1999-02-15,Sadie,309,967,194,SMA NEGERI 3 SENTANI
PAKETA,2023,Dulcinea,Koulikoro,2016-01-14,Bettine,335,973,968,SMA NEGERI 2 SENTANI
SMA,2020,Brietta,Liverpool,2014-05-27,Fayre,270,803,2,SMP NEGERI 1 SENTANI
SMA,2020,Karly,Tampere,2003-11-17,Amara,179,335,225,PAKETA
SMP,2008,Oralee,Ciudad del Este,2008-01-12,Lynnea,900,747,252,PAKETA
SD,2019,Katuscha,Phnom Penh,2019-03-11,Ariela,261,829,449,SMP NEGERI 1 SENTANI
SMP,2007,Berta,São Tomé,2014-01-06,Michaelina,828,822,713,PAKETB
PAKETA,2015,Maud,Multan,2006-05-07,Felice,935,745,882,SD NEGERI 1 SENTANI
PAKETA,2008,Anallese,Recife,2000-02-27,Chandra,308,710,38,SMA NEGERI 2 SENTANI
SMK,2008,Cyndie,Incheon,2014-12-28,Diena,573,718,766,SMA NEGERI 3 SENTANI
SMA,2014,Lacie,Port Blair,2002-12-26,Monika,579,960,314,PAKETC
PAKETA,2008,Shauna,Charlotte,2005-03-19,Benita,369,114,840,SMP NEGERI 3 SENTANI
PAKETA,2007,Trixi,Da Nang,2002-12-07,Linzy,335,439,896,PAKETA
SMK,2007,Kara-Lynn,Davao City,2004-11-17,Anestassia,922,504,872,SMP NEGERI 3 SENTANI
SMK,2007,Harmonia,Yokohama,2016-11-13,Minda,591,422,116,SD NEGERI 1 SENTANI
PAKETA,2011,Georgetta,Cardiff,2002-06-11,Latisha,735,391,140,SD NEGERI 1 SENTANI
SMA,2023,Leona,Cotonou,2007-01-04,Rhoda,23,678,910,SMA NEGERI 3 SENTANI
SD,2006,Beth,Taichung,2009-02-10,Gusella,9,444,420,SMP NEGERI 2 SENTANI
PAKETA,2015,Nataline,Belmopan,2004-01-02,Florencia,791,773,2,PAKETC
PAKETC,2017,Livvyy,Ashgabat,2001-05-04,Sabina,947,255,240,SMP NEGERI 1 SENTANI
SMP,2020,Binny,Nagpur,2003-07-27,Inga,337,219,799,SMK NEGERI 1 SENTANI
SD,2016,Penelopa,Castries,2012-01-09,Maisey,559,255,622,SD NEGERI 1 SENTANI
PAKETB,2017,Jolyn,Vancouver,2005-08-29,Michaelina,82,911,111,PAKETC
SD,2018,Marylou,Shijiazhuang,2000-02-28,Phylis,836,44,512,SMA NEGERI 3 SENTANI
PAKETC,2007,Kylynn,Lanzhou,1998-04-15,Georgina,257,773,133,SMP NEGERI 2 SENTANI
SD,2021,Korrie,Horta (Azores),2018-03-14,Romona,497,902,407,PAKETB
SMP,2012,Mary,Rio Branco,2004-11-25,Yvonne,668,613,701,SMK NEGERI 1 SENTANI
PAKETB,2022,Nannie,Mumbai,2004-09-28,Rubie,320,158,276,SMP NEGERI 1 SENTANI
SD,2016,Dulcinea,Cali,2001-08-11,Melodie,740,880,590,PAKETC
PAKETA,2004,Adelle,Buffalo,2014-09-12,Iseabal,814,826,408,SMP NEGERI 3 SENTANI
SD,2007,Fredericka,Norilsk,2002-07-04,Elise,781,101,262,SMP NEGERI 1 SENTANI
PAKETB,2012,Lory,Cartagena,2001-11-12,Brietta,656,461,438,SMP NEGERI 3 SENTANI
PAKETC,2002,Aimil,Zamboanga City,2007-06-02,Kimmy,467,136,870,SMA NEGERI 2 SENTANI
PAKETB,2007,Arlina,Rome,2015-07-14,Cathie,974,388,237,SMA NEGERI 2 SENTANI
SD,2021,Tori,Fort-de-France,2002-06-26,Perry,768,569,512,PAKETB
SMK,2001,Binny,Qingdao,2009-03-01,Feliza,213,799,749,PAKETB
SMK,2003,Dagmar,Multan,1998-12-15,Gaylene,337,90,564,SMK NEGERI 1 SENTANI
PAKETA,2008,Sophia,Mata-Utu,2010-02-12,Norine,868,330,506,PAKETB
SMK,2022,Lynnea,Salt Lake City,2008-04-29,Cindelyn,329,254,567,SMP NEGERI 3 SENTANI
SMA,2002,Helsa,Ulan Bator,1999-01-21,Melina,977,24,963,SD NEGERI 1 SENTANI
PAKETB,2005,Eolanda,São Paulo,2002-05-20,Kimmy,924,416,108,SMP NEGERI 2 SENTANI
SMK,2006,Desirae,Mashhad,2009-11-06,Yvonne,490,536,84,SMA NEGERI 3 SENTANI
PAKETA,2005,Miquela,Detroit,2000-02-24,Mallory,7,357,801,SMP NEGERI 3 SENTANI
PAKETA,2021,Nannie,Tabriz,2002-06-09,Amii,157,841,26,SMA NEGERI 3 SENTANI
PAKETA,2005,Romona,Sitka,2014-03-19,Carree,321,443,932,PAKETA
SMK,2014,Tomasina,Thiès,2006-12-22,Theodora,712,972,378,SMP NEGERI 3 SENTANI
PAKETC,2019,Lisette,Nukus,2008-02-18,Lanna,584,362,454,SMP NEGERI 2 SENTANI
SD,2017,Mureil,Kanpur,2018-12-07,Latisha,71,762,168,SMP NEGERI 2 SENTANI
PAKETB,2022,Ginnie,Punta Arenas,2006-11-07,Millie,719,985,488,SMP NEGERI 3 SENTANI
PAKETA,2002,Rani,Jaipur,2004-01-15,Annaliese,531,951,401,SMK NEGERI 1 SENTANI
PAKETB,2005,Eadie,Thiès,2016-10-04,Kittie,337,570,679,PAKETB
SMA,2011,Dulcinea,Davao City,2011-04-15,Feliza,870,915,817,SMA NEGERI 2 SENTANI
PAKETA,2022,Laure,Durban,2019-07-24,Linet,308,972,227,PAKETB
PAKETC,2011,Kristan,Riverside,2015-03-19,Elfreda,70,655,949,SMA NEGERI 2 SENTANI
SMK,2013,Allyce,Willemstad,2007-02-20,Ana,242,647,632,PAKETA
SMK,2018,Jere,Marseille,2018-07-02,Donetta,874,412,863,PAKETB
SMK,2003,Gabriellia,Port Said,2019-11-16,Mellicent,99,395,387,PAKETC
SD,2003,Sophia,Praia,2003-02-27,Ronna,226,756,712,SD NEGERI 1 SENTANI
PAKETA,2022,Evita,Bujumbura,2019-09-29,Lynde,19,210,668,SMA NEGERI 2 SENTANI
SMP,2007,Noelle,São José dos Campos,2014-01-07,Lonnie,656,124,237,SMA NEGERI 3 SENTANI
SD,2022,Leontine,South Tarawa,2008-01-12,Selia,916,558,170,SMA NEGERI 3 SENTANI
SMP,2002,Riannon,Mwanza,2017-10-19,Dianemarie,659,971,765,SMP NEGERI 3 SENTANI
PAKETA,2019,Winny,New York City,2011-02-14,Kassey,780,748,530,PAKETA
SMK,2019,Fina,Taichung,2004-11-26,Celisse,983,828,111,PAKETB
SMA,2000,Nelle,Asunción,2011-12-09,Bernardine,466,532,255,SMK NEGERI 1 SENTANI
SMP,2015,Gilligan,Kandahar,2018-03-19,Kara-Lynn,935,882,784,SMP NEGERI 3 SENTANI
PAKETB,2020,Alyda,New Delhi,2006-09-02,Wendi,359,652,433,PAKETA
PAKETC,2018,Ebonee,Vientiane,2006-01-20,Rubie,938,234,626,SD NEGERI 1 SENTANI
SMA,2007,Gloria,Ljubljana,2006-12-01,Ebonee,899,920,955,PAKETB
SMA,2018,Lisette,Ambon,2000-05-04,Selia,810,684,863,SD NEGERI 1 SENTANI
PAKETA,2000,Harrietta,Luxembourg (city),2011-06-04,Jacquetta,834,743,789,PAKETC
SMK,2000,Tybie,Naples,1999-03-21,Allis,657,815,156,SMA NEGERI 2 SENTANI
PAKETA,2015,Paola,São Paulo,2005-04-05,Christian,122,51,326,SMP NEGERI 1 SENTANI
SMA,2022,Lenna,Caracas,1999-12-01,Mariele,356,306,760,SMP NEGERI 2 SENTANI
SMA,2009,Xylina,Kanpur,1999-01-23,Hallie,836,11,901,PAKETC
PAKETB,2018,Jacenta,Sitka,2010-12-13,Zaria,410,994,772,SMP NEGERI 2 SENTANI
PAKETC,2022,Sissy,Funafuti,1999-09-21,Annice,912,28,643,PAKETC
PAKETC,2022,Valera,St. George's,2018-08-29,Dorthy,388,965,934,SMP NEGERI 3 SENTANI
PAKETA,2007,Harmonia,Roseau,2018-08-05,Nessie,108,667,407,PAKETA
PAKETA,2004,Gale,Srinagar,2003-02-26,Krystle,330,823,479,SMP NEGERI 3 SENTANI
PAKETC,2015,Kenna,Oranjestad,2005-10-01,Gabi,435,118,124,SMP NEGERI 1 SENTANI
SMA,2007,Juliane,Córdoba,2000-04-25,Sallie,647,462,531,PAKETA
PAKETA,2008,Roz,Santiago de Cuba,2018-07-11,Orelia,241,730,691,SMP NEGERI 2 SENTANI
SMK,2008,Vinita,Enugu,2004-02-16,Brooks,573,725,639,SMK NEGERI 1 SENTANI
SD,2023,Cecile,Da Nang,2004-02-12,Lizzie,587,578,932,PAKETB
PAKETB,2004,Jany,Lagos,1999-08-30,Shauna,413,141,933,SMP NEGERI 2 SENTANI
PAKETC,2016,Daune,Punta Arenas,2013-11-29,Josephine,810,162,351,SMP NEGERI 3 SENTANI
SMA,2023,Evita,Vienna,1999-05-25,Celene,297,294,23,SMA NEGERI 3 SENTANI
PAKETC,2019,Deirdre,Guwahati,2010-08-02,Carree,134,826,612,PAKETB
PAKETA,2015,Maud,Naypyidaw,2012-05-02,Madeleine,908,173,27,SD NEGERI 1 SENTANI
PAKETB,2019,Janey,Glasgow,2004-07-07,Sheree,795,336,779,SMP NEGERI 2 SENTANI
SMP,2021,Marinna,Athens,2013-05-12,Deirdre,558,903,551,SMK NEGERI 1 SENTANI
SMP,2015,Aimil,Chaguanas,2013-12-18,Mallory,674,623,186,SMP NEGERI 1 SENTANI
PAKETB,2007,Loree,Kingston,2007-05-02,Iseabal,437,313,383,SD NEGERI 1 SENTANI
SMP,2020,Thalia,Chişinău,2016-12-10,Mary,48,26,617,PAKETC
SMK,2016,Myrtice,Jeddah,1998-02-20,Carmencita,200,623,816,PAKETB
PAKETA,2004,Yetty,Singapore,2000-12-15,Clementine,396,45,894,SMA NEGERI 2 SENTANI
PAKETC,2013,Shaylyn,Port Vila,1999-01-26,Veda,904,23,652,SMP NEGERI 1 SENTANI
SD,2007,Nadine,Jinan,2001-01-29,Kary,131,448,43,SMP NEGERI 2 SENTANI
SMA,2007,Kirbee,Doha,2010-10-15,Nadine,221,929,581,SMP NEGERI 3 SENTANI
PAKETB,2005,Vonny,Sacramento,2001-02-07,Constance,496,11,679,SMP NEGERI 2 SENTANI
SMP,2003,Laurene,Naypyidaw,2008-10-25,Margalo,943,905,198,SMP NEGERI 3 SENTANI
PAKETC,2000,Hayley,Gaza,1998-11-11,Tybie,880,268,412,SMP NEGERI 3 SENTANI
PAKETC,2009,Emilia,Guangzhou,2013-07-14,Alyssa,644,514,556,SMP NEGERI 3 SENTANI
SMA,2007,Renae,Bandung,2006-01-25,Kellen,198,391,139,SD NEGERI 1 SENTANI
SMA,2001,Alexine,Quebec City,2009-05-01,Lita,706,931,311,SMA NEGERI 2 SENTANI
SMP,2022,Lynea,Tórshavn,2000-10-11,Farrah,727,742,797,SMA NEGERI 3 SENTANI
SMK,2000,Kial,Iquique,2008-04-28,Constance,561,137,254,SMP NEGERI 1 SENTANI
SMP,2018,Dode,Johannesburg,2016-10-31,Aili,79,423,212,PAKETA
SMP,2002,Sissy,Okinawa,1998-05-14,Dulce,316,851,430,SMA NEGERI 3 SENTANI
SMP,2011,Meg,Bandung,2007-09-29,Mellicent,49,11,753,SMP NEGERI 2 SENTANI
PAKETC,2009,Petronia,Indianapolis,2008-09-29,Hettie,471,590,400,SMA NEGERI 2 SENTANI
PAKETB,2008,Marcelline,Ambon,2012-05-30,Marcelline,385,321,889,SMA NEGERI 2 SENTANI
PAKETC,2011,Almeta,Dublin,1999-07-27,Gilligan,760,50,84,SMA NEGERI 2 SENTANI
SMK,2017,Genevra,Thiès,2005-07-06,Dorothy,922,593,743,SMP NEGERI 1 SENTANI
PAKETB,2008,Renie,Zhengzhou,2001-02-26,Sybille,902,122,559,SMP NEGERI 2 SENTANI
PAKETC,2018,Harmonia,Shenyang,2013-02-26,Maridel,954,225,518,SD NEGERI 1 SENTANI
PAKETB,2003,Ayn,Belize City,2004-06-26,Belva,907,175,461,PAKETB
SMP,2015,Cathyleen,Jaipur,2014-11-15,Nerta,387,628,984,SMK NEGERI 1 SENTANI
PAKETB,2013,Tersina,Kawasaki,2011-09-23,Vere,480,626,707,PAKETC
SMP,2016,Johna,Puerto Williams,2003-04-09,Dorothy,813,227,721,SMP NEGERI 2 SENTANI
SMA,2017,Melanie,Phnom Penh,2011-02-03,Danika,408,289,123,SMP NEGERI 1 SENTANI
PAKETA,2014,Randa,Dibrugarh,2011-10-30,Cassandra,600,897,713,SD NEGERI 1 SENTANI
PAKETB,2020,Calla,Baku,2019-10-18,Sophia,24,549,220,SD NEGERI 1 SENTANI
SMA,2001,Nanete,Tabriz,2004-04-13,Nariko,293,370,145,PAKETC
SMP,2006,Daphne,The Hague,1998-06-23,Susan,549,820,407,SMA NEGERI 3 SENTANI
SMK,2001,Christian,Makassar,1999-09-17,Oona,28,741,147,SMP NEGERI 3 SENTANI
SMP,2000,Oralee,Brasília,2007-11-23,Frances,830,704,514,SMP NEGERI 3 SENTANI
PAKETA,2005,Tracey,Makati City,2005-12-11,Fred,126,957,629,PAKETC
PAKETA,2004,Constance,Thimphu,2016-05-26,Lucy,711,890,414,SMP NEGERI 3 SENTANI
PAKETC,2023,Drucie,Serekunda,2004-07-12,Rivalee,992,278,511,PAKETC
SD,2017,Jasmina,Gaza,2008-04-04,Britte,762,602,33,PAKETA
SMP,2013,Deedee,Saipan,2010-01-12,Vere,526,2,767,PAKETC
PAKETB,2023,Catrina,São Tomé,2007-07-23,Charlena,206,446,361,PAKETB
SD,2002,Eadie,Honolulu,1999-02-28,Fanny,363,150,140,SMA NEGERI 2 SENTANI
PAKETB,2019,Camile,Leeds,2010-04-11,Anthia,426,269,319,SMA NEGERI 3 SENTANI
PAKETC,2000,Joceline,Mata-Utu,2007-02-15,Nelle,501,458,59,SMA NEGERI 2 SENTANI
PAKETB,2019,Cyndie,Hanoi,1998-06-08,Dyann,471,497,629,PAKETA
PAKETA,2021,Susette,Dili,1999-11-18,Tamqrah,734,124,86,SMA NEGERI 3 SENTANI
PAKETC,2020,Libbie,Nouméa,2001-05-01,Aili,857,418,620,SD NEGERI 1 SENTANI
SMA,2010,Sidoney,Da Nang,2018-05-15,Carmencita,471,597,258,SMA NEGERI 2 SENTANI
PAKETA,2013,Karena,Cincinnati,2004-07-20,Micheline,475,491,181,SMP NEGERI 1 SENTANI
SMA,2020,Raf,Saint-Denis,2005-10-02,Jennica,83,857,557,SD NEGERI 1 SENTANI
SMP,2007,Dennie,Yerevan,2003-06-04,Nananne,883,689,694,SMP NEGERI 1 SENTANI
SMA,2021,Aeriela,Addis Ababa,2006-01-19,Aurelie,625,541,317,SMK NEGERI 1 SENTANI
PAKETC,2000,Rori,Bridgetown,2012-02-26,Lusa,595,80,144,SMK NEGERI 1 SENTANI
PAKETB,2021,Mildrid,Taichung,2005-04-04,Lonnie,257,558,270,PAKETC